family,style,file_path,japanese_candidate,recommended_for_aozoratex,latex_name,latex_command
IPAexMincho,Regular,C:/texlive/2026/texmf-dist/fonts/truetype/public/ipaex/ipaexm.ttf,true,true,IPAexMincho,\setmainjfont{IPAexMincho}
IPAexMincho,Regular,C:/WINDOWS/fonts/ipaexm.ttf,true,true,IPAexMincho,\setmainjfont{IPAexMincho}
IPAMincho,Regular,C:/WINDOWS/fonts/ipam.ttf,true,true,IPAMincho,\setmainjfont{IPAMincho}
IPAMincho,Regular,C:/WINDOWS/fonts/ipam.ttc,true,true,IPAMincho,\setmainjfont{IPAMincho}
IPAMincho,Regular,C:/texlive/2026/texmf-dist/fonts/truetype/public/ipaex/ipam.ttf,true,true,IPAMincho,\setmainjfont{IPAMincho}
IPAmjMincho,Regular,C:/WINDOWS/fonts/ipamjm.ttf,true,true,IPAmjMincho,\setmainjfont{IPAmjMincho}
Source Han Serif,Bold,C:/WINDOWS/fonts/SourceHanSerif-Bold.otf,true,true,Source Han Serif,\setmainjfont{Source Han Serif}
Source Han Serif,ExtraLight,C:/WINDOWS/fonts/SourceHanSerif-ExtraLight.otf,true,true,Source Han Serif,\setmainjfont{Source Han Serif}
Source Han Serif,Heavy,C:/WINDOWS/fonts/SourceHanSerif-Heavy.otf,true,true,Source Han Serif,\setmainjfont{Source Han Serif}
Source Han Serif,Light,C:/WINDOWS/fonts/SourceHanSerif-Light.otf,true,true,Source Han Serif,\setmainjfont{Source Han Serif}
Source Han Serif,Medium,C:/WINDOWS/fonts/SourceHanSerif-Medium.otf,true,true,Source Han Serif,\setmainjfont{Source Han Serif}
Source Han Serif,Regular,C:/WINDOWS/fonts/SourceHanSerif-Regular.otf,true,true,Source Han Serif,\setmainjfont{Source Han Serif}
Source Han Serif,SemiBold,C:/WINDOWS/fonts/SourceHanSerif-SemiBold.otf,true,true,Source Han Serif,\setmainjfont{Source Han Serif}
Source Han Serif CN,Bold,C:/WINDOWS/fonts/SourceHanSerifCN-Bold.otf,true,true,Source Han Serif CN,\setmainjfont{Source Han Serif CN}
Source Han Serif CN,ExtraLight,C:/WINDOWS/fonts/SourceHanSerifCN-ExtraLight.otf,true,true,Source Han Serif CN,\setmainjfont{Source Han Serif CN}
Source Han Serif CN,Heavy,C:/WINDOWS/fonts/SourceHanSerifCN-Heavy.otf,true,true,Source Han Serif CN,\setmainjfont{Source Han Serif CN}
Source Han Serif CN,Light,C:/WINDOWS/fonts/SourceHanSerifCN-Light.otf,true,true,Source Han Serif CN,\setmainjfont{Source Han Serif CN}
Source Han Serif CN,Medium,C:/WINDOWS/fonts/SourceHanSerifCN-Medium.otf,true,true,Source Han Serif CN,\setmainjfont{Source Han Serif CN}
Source Han Serif CN,Regular,C:/WINDOWS/fonts/SourceHanSerifCN-Regular.otf,true,true,Source Han Serif CN,\setmainjfont{Source Han Serif CN}
Source Han Serif CN,SemiBold,C:/WINDOWS/fonts/SourceHanSerifCN-SemiBold.otf,true,true,Source Han Serif CN,\setmainjfont{Source Han Serif CN}
Source Han Serif JP,Bold,C:/WINDOWS/fonts/SourceHanSerifJP-Bold.otf,true,true,Source Han Serif JP,\setmainjfont{Source Han Serif JP}
Source Han Serif JP,ExtraLight,C:/WINDOWS/fonts/SourceHanSerifJP-ExtraLight.otf,true,true,Source Han Serif JP,\setmainjfont{Source Han Serif JP}
Source Han Serif JP,Heavy,C:/WINDOWS/fonts/SourceHanSerifJP-Heavy.otf,true,true,Source Han Serif JP,\setmainjfont{Source Han Serif JP}
Source Han Serif JP,Light,C:/WINDOWS/fonts/SourceHanSerifJP-Light.otf,true,true,Source Han Serif JP,\setmainjfont{Source Han Serif JP}
Source Han Serif JP,Medium,C:/WINDOWS/fonts/SourceHanSerifJP-Medium.otf,true,true,Source Han Serif JP,\setmainjfont{Source Han Serif JP}
Source Han Serif JP,Regular,C:/WINDOWS/fonts/SourceHanSerifJP-Regular.otf,true,true,Source Han Serif JP,\setmainjfont{Source Han Serif JP}
Source Han Serif JP,SemiBold,C:/WINDOWS/fonts/SourceHanSerifJP-SemiBold.otf,true,true,Source Han Serif JP,\setmainjfont{Source Han Serif JP}
Source Han Serif K,Bold,C:/WINDOWS/fonts/SourceHanSerifK-Bold.otf,true,true,Source Han Serif K,\setmainjfont{Source Han Serif K}
Source Han Serif K,ExtraLight,C:/WINDOWS/fonts/SourceHanSerifK-ExtraLight.otf,true,true,Source Han Serif K,\setmainjfont{Source Han Serif K}
Source Han Serif K,Heavy,C:/WINDOWS/fonts/SourceHanSerifK-Heavy.otf,true,true,Source Han Serif K,\setmainjfont{Source Han Serif K}
Source Han Serif K,Light,C:/WINDOWS/fonts/SourceHanSerifK-Light.otf,true,true,Source Han Serif K,\setmainjfont{Source Han Serif K}
Source Han Serif K,Medium,C:/WINDOWS/fonts/SourceHanSerifK-Medium.otf,true,true,Source Han Serif K,\setmainjfont{Source Han Serif K}
Source Han Serif K,Regular,C:/WINDOWS/fonts/SourceHanSerifK-Regular.otf,true,true,Source Han Serif K,\setmainjfont{Source Han Serif K}
Source Han Serif K,SemiBold,C:/WINDOWS/fonts/SourceHanSerifK-SemiBold.otf,true,true,Source Han Serif K,\setmainjfont{Source Han Serif K}
Source Han Serif KR,Bold,C:/WINDOWS/fonts/SourceHanSerifKR-Bold.otf,true,true,Source Han Serif KR,\setmainjfont{Source Han Serif KR}
Source Han Serif KR,ExtraLight,C:/WINDOWS/fonts/SourceHanSerifKR-ExtraLight.otf,true,true,Source Han Serif KR,\setmainjfont{Source Han Serif KR}
Source Han Serif KR,Heavy,C:/WINDOWS/fonts/SourceHanSerifKR-Heavy.otf,true,true,Source Han Serif KR,\setmainjfont{Source Han Serif KR}
Source Han Serif KR,Light,C:/WINDOWS/fonts/SourceHanSerifKR-Light.otf,true,true,Source Han Serif KR,\setmainjfont{Source Han Serif KR}
Source Han Serif KR,Medium,C:/WINDOWS/fonts/SourceHanSerifKR-Medium.otf,true,true,Source Han Serif KR,\setmainjfont{Source Han Serif KR}
Source Han Serif KR,Regular,C:/WINDOWS/fonts/SourceHanSerifKR-Regular.otf,true,true,Source Han Serif KR,\setmainjfont{Source Han Serif KR}
Source Han Serif KR,SemiBold,C:/WINDOWS/fonts/SourceHanSerifKR-SemiBold.otf,true,true,Source Han Serif KR,\setmainjfont{Source Han Serif KR}
Source Han Serif SC,Bold,C:/WINDOWS/fonts/SourceHanSerifSC-Bold.otf,true,true,Source Han Serif SC,\setmainjfont{Source Han Serif SC}
Source Han Serif SC,ExtraLight,C:/WINDOWS/fonts/SourceHanSerifSC-ExtraLight.otf,true,true,Source Han Serif SC,\setmainjfont{Source Han Serif SC}
Source Han Serif SC,Heavy,C:/WINDOWS/fonts/SourceHanSerifSC-Heavy.otf,true,true,Source Han Serif SC,\setmainjfont{Source Han Serif SC}
Source Han Serif SC,Light,C:/WINDOWS/fonts/SourceHanSerifSC-Light.otf,true,true,Source Han Serif SC,\setmainjfont{Source Han Serif SC}
Source Han Serif SC,Medium,C:/WINDOWS/fonts/SourceHanSerifSC-Medium.otf,true,true,Source Han Serif SC,\setmainjfont{Source Han Serif SC}
Source Han Serif SC,Regular,C:/WINDOWS/fonts/SourceHanSerifSC-Regular.otf,true,true,Source Han Serif SC,\setmainjfont{Source Han Serif SC}
Source Han Serif SC,SemiBold,C:/WINDOWS/fonts/SourceHanSerifSC-SemiBold.otf,true,true,Source Han Serif SC,\setmainjfont{Source Han Serif SC}
Source Han Serif TC,Bold,C:/WINDOWS/fonts/SourceHanSerifTC-Bold.otf,true,true,Source Han Serif TC,\setmainjfont{Source Han Serif TC}
Source Han Serif TC,ExtraLight,C:/WINDOWS/fonts/SourceHanSerifTC-ExtraLight.otf,true,true,Source Han Serif TC,\setmainjfont{Source Han Serif TC}
Source Han Serif TC,Heavy,C:/WINDOWS/fonts/SourceHanSerifTC-Heavy.otf,true,true,Source Han Serif TC,\setmainjfont{Source Han Serif TC}
Source Han Serif TC,Light,C:/WINDOWS/fonts/SourceHanSerifTC-Light.otf,true,true,Source Han Serif TC,\setmainjfont{Source Han Serif TC}
Source Han Serif TC,Medium,C:/WINDOWS/fonts/SourceHanSerifTC-Medium.otf,true,true,Source Han Serif TC,\setmainjfont{Source Han Serif TC}
Source Han Serif TC,Regular,C:/WINDOWS/fonts/SourceHanSerifTC-Regular.otf,true,true,Source Han Serif TC,\setmainjfont{Source Han Serif TC}
Source Han Serif TC,SemiBold,C:/WINDOWS/fonts/SourceHanSerifTC-SemiBold.otf,true,true,Source Han Serif TC,\setmainjfont{Source Han Serif TC}
Source Han Serif TW,Bold,C:/WINDOWS/fonts/SourceHanSerifTW-Bold.otf,true,true,Source Han Serif TW,\setmainjfont{Source Han Serif TW}
Source Han Serif TW,ExtraLight,C:/WINDOWS/fonts/SourceHanSerifTW-ExtraLight.otf,true,true,Source Han Serif TW,\setmainjfont{Source Han Serif TW}
Source Han Serif TW,Heavy,C:/WINDOWS/fonts/SourceHanSerifTW-Heavy.otf,true,true,Source Han Serif TW,\setmainjfont{Source Han Serif TW}
Source Han Serif TW,Light,C:/WINDOWS/fonts/SourceHanSerifTW-Light.otf,true,true,Source Han Serif TW,\setmainjfont{Source Han Serif TW}
Source Han Serif TW,Medium,C:/WINDOWS/fonts/SourceHanSerifTW-Medium.otf,true,true,Source Han Serif TW,\setmainjfont{Source Han Serif TW}
Source Han Serif TW,Regular,C:/WINDOWS/fonts/SourceHanSerifTW-Regular.otf,true,true,Source Han Serif TW,\setmainjfont{Source Han Serif TW}
Source Han Serif TW,SemiBold,C:/WINDOWS/fonts/SourceHanSerifTW-SemiBold.otf,true,true,Source Han Serif TW,\setmainjfont{Source Han Serif TW}
Yu Mincho,Demibold,C:/WINDOWS/fonts/yumindb.ttf,true,true,Yu Mincho,\setmainjfont{Yu Mincho}
Yu Mincho,Light,C:/WINDOWS/fonts/yuminl.ttf,true,true,Yu Mincho,\setmainjfont{Yu Mincho}
Yu Mincho,Regular,C:/WINDOWS/fonts/yumin.ttf,true,true,Yu Mincho,\setmainjfont{Yu Mincho}
07LogoTypeGothic7,Regular,C:/WINDOWS/fonts/���S�����ՃS�V�b�N.otf,true,false,07LogoTypeGothic7,\setmainjfont{07LogoTypeGothic7}
BankGothic Lt BT,Light,C:/WINDOWS/fonts/bgothl.ttf,true,false,BankGothic Lt BT,\setmainjfont{BankGothic Lt BT}
BankGothic Md BT,Medium,C:/WINDOWS/fonts/bgothm.ttf,true,false,BankGothic Md BT,\setmainjfont{BankGothic Md BT}
BIZ UDGothic,Bold,C:/WINDOWS/fonts/BIZUDGothic-Bold.ttf,true,false,BIZ UDGothic,\setmainjfont{BIZ UDGothic}
BIZ UDGothic,Bold,C:/WINDOWS/fonts/BIZ-UDGothicB.ttc,true,false,BIZ UDGothic,\setmainjfont{BIZ UDGothic}
BIZ UDGothic,Regular,C:/WINDOWS/fonts/BIZ-UDGothicR.ttc,true,false,BIZ UDGothic,\setmainjfont{BIZ UDGothic}
BIZ UDGothic,Regular,C:/WINDOWS/fonts/BIZUDGothic-Regular.ttf,true,false,BIZ UDGothic,\setmainjfont{BIZ UDGothic}
BIZ UDMincho,Medium,C:/WINDOWS/fonts/BIZ-UDMinchoM.ttc,true,false,BIZ UDMincho,\setmainjfont{BIZ UDMincho}
BIZ UDMincho,Regular,C:/WINDOWS/fonts/BIZUDMincho-Regular.ttf,true,false,BIZ UDMincho,\setmainjfont{BIZ UDMincho}
BIZ UDPGothic,Bold,C:/WINDOWS/fonts/BIZUDPGothic-Bold.ttf,true,false,BIZ UDPGothic,\setmainjfont{BIZ UDPGothic}
BIZ UDPGothic,Bold,C:/WINDOWS/fonts/BIZ-UDGothicB.ttc,true,false,BIZ UDPGothic,\setmainjfont{BIZ UDPGothic}
BIZ UDPGothic,Regular,C:/WINDOWS/fonts/BIZ-UDGothicR.ttc,true,false,BIZ UDPGothic,\setmainjfont{BIZ UDPGothic}
BIZ UDPGothic,Regular,C:/WINDOWS/fonts/BIZUDPGothic-Regular.ttf,true,false,BIZ UDPGothic,\setmainjfont{BIZ UDPGothic}
BIZ UDPMincho,Medium,C:/WINDOWS/fonts/BIZ-UDMinchoM.ttc,true,false,BIZ UDPMincho,\setmainjfont{BIZ UDPMincho}
BIZ UDPMincho,Regular,C:/WINDOWS/fonts/BIZUDPMincho-Regular_0.ttf,true,false,BIZ UDPMincho,\setmainjfont{BIZ UDPMincho}
BIZ UDPMincho,Regular,C:/WINDOWS/fonts/BIZUDPMincho-Regular.ttf,true,false,BIZ UDPMincho,\setmainjfont{BIZ UDPMincho}
Century Gothic,Bold,C:/WINDOWS/fonts/GOTHICB.TTF,true,false,Century Gothic,\setmainjfont{Century Gothic}
Century Gothic,Bold Italic,C:/WINDOWS/fonts/GOTHICBI.TTF,true,false,Century Gothic,\setmainjfont{Century Gothic}
Century Gothic,Italic,C:/WINDOWS/fonts/GOTHICI.TTF,true,false,Century Gothic,\setmainjfont{Century Gothic}
Century Gothic,Regular,C:/WINDOWS/fonts/GOTHIC.TTF,true,false,Century Gothic,\setmainjfont{Century Gothic}
Copperplate Gothic Bold,Regular,C:/WINDOWS/fonts/COPRGTB.TTF,true,false,Copperplate Gothic Bold,\setmainjfont{Copperplate Gothic Bold}
Copperplate Gothic Light,Regular,C:/WINDOWS/fonts/COPRGTL.TTF,true,false,Copperplate Gothic Light,\setmainjfont{Copperplate Gothic Light}
Corporate Mincho ver2,Medium,C:/WINDOWS/fonts/Corporate-Mincho-ver2.otf,true,false,Corporate Mincho ver2,\setmainjfont{Corporate Mincho ver2}
Franklin Gothic Book,Italic,C:/WINDOWS/fonts/FRABKIT.TTF,true,false,Franklin Gothic Book,\setmainjfont{Franklin Gothic Book}
Franklin Gothic Book,Regular,C:/WINDOWS/fonts/FRABK.TTF,true,false,Franklin Gothic Book,\setmainjfont{Franklin Gothic Book}
Franklin Gothic Demi,Italic,C:/WINDOWS/fonts/FRADMIT.TTF,true,false,Franklin Gothic Demi,\setmainjfont{Franklin Gothic Demi}
Franklin Gothic Demi,Regular,C:/WINDOWS/fonts/FRADM.TTF,true,false,Franklin Gothic Demi,\setmainjfont{Franklin Gothic Demi}
Franklin Gothic Demi Cond,Regular,C:/WINDOWS/fonts/FRADMCN.TTF,true,false,Franklin Gothic Demi Cond,\setmainjfont{Franklin Gothic Demi Cond}
Franklin Gothic Heavy,Italic,C:/WINDOWS/fonts/FRAHVIT.TTF,true,false,Franklin Gothic Heavy,\setmainjfont{Franklin Gothic Heavy}
Franklin Gothic Heavy,Regular,C:/WINDOWS/fonts/FRAHV.TTF,true,false,Franklin Gothic Heavy,\setmainjfont{Franklin Gothic Heavy}
Franklin Gothic Medium,Italic,C:/WINDOWS/fonts/framdit.ttf,true,false,Franklin Gothic Medium,\setmainjfont{Franklin Gothic Medium}
Franklin Gothic Medium,Regular,C:/WINDOWS/fonts/framd.ttf,true,false,Franklin Gothic Medium,\setmainjfont{Franklin Gothic Medium}
Franklin Gothic Medium Cond,Regular,C:/WINDOWS/fonts/FRAMDCN.TTF,true,false,Franklin Gothic Medium Cond,\setmainjfont{Franklin Gothic Medium Cond}
Gen Jyuu Gothic,Bold,C:/WINDOWS/fonts/GenJyuuGothic-Bold.ttf,true,false,Gen Jyuu Gothic,\setmainjfont{Gen Jyuu Gothic}
Gen Jyuu Gothic,ExtraLight,C:/WINDOWS/fonts/GenJyuuGothic-ExtraLight.ttf,true,false,Gen Jyuu Gothic,\setmainjfont{Gen Jyuu Gothic}
Gen Jyuu Gothic,Heavy,C:/WINDOWS/fonts/GenJyuuGothic-Heavy.ttf,true,false,Gen Jyuu Gothic,\setmainjfont{Gen Jyuu Gothic}
Gen Jyuu Gothic,Light,C:/WINDOWS/fonts/GenJyuuGothic-Light.ttf,true,false,Gen Jyuu Gothic,\setmainjfont{Gen Jyuu Gothic}
Gen Jyuu Gothic,Medium,C:/WINDOWS/fonts/GenJyuuGothic-Medium.ttf,true,false,Gen Jyuu Gothic,\setmainjfont{Gen Jyuu Gothic}
Gen Jyuu Gothic,Normal,C:/WINDOWS/fonts/GenJyuuGothic-Normal.ttf,true,false,Gen Jyuu Gothic,\setmainjfont{Gen Jyuu Gothic}
Gen Jyuu Gothic,Regular,C:/WINDOWS/fonts/GenJyuuGothic-Regular.ttf,true,false,Gen Jyuu Gothic,\setmainjfont{Gen Jyuu Gothic}
Gen Jyuu Gothic L Monospace,Bold,C:/WINDOWS/fonts/GenJyuuGothicL-Monospace-Bold.ttf,true,false,Gen Jyuu Gothic L Monospace,\setmainjfont{Gen Jyuu Gothic L Monospace}
Gen Jyuu Gothic L Monospace,ExtraLight,C:/WINDOWS/fonts/GenJyuuGothicL-Monospace-ExtraLight.ttf,true,false,Gen Jyuu Gothic L Monospace,\setmainjfont{Gen Jyuu Gothic L Monospace}
Gen Jyuu Gothic L Monospace,Heavy,C:/WINDOWS/fonts/GenJyuuGothicL-Monospace-Heavy.ttf,true,false,Gen Jyuu Gothic L Monospace,\setmainjfont{Gen Jyuu Gothic L Monospace}
Gen Jyuu Gothic L Monospace,Light,C:/WINDOWS/fonts/GenJyuuGothicL-Monospace-Light.ttf,true,false,Gen Jyuu Gothic L Monospace,\setmainjfont{Gen Jyuu Gothic L Monospace}
Gen Jyuu Gothic L Monospace,Medium,C:/WINDOWS/fonts/GenJyuuGothicL-Monospace-Medium.ttf,true,false,Gen Jyuu Gothic L Monospace,\setmainjfont{Gen Jyuu Gothic L Monospace}
Gen Jyuu Gothic L Monospace,Normal,C:/WINDOWS/fonts/GenJyuuGothicL-Monospace-Normal.ttf,true,false,Gen Jyuu Gothic L Monospace,\setmainjfont{Gen Jyuu Gothic L Monospace}
Gen Jyuu Gothic L Monospace,Regular,C:/WINDOWS/fonts/GenJyuuGothicL-Monospace-Regular.ttf,true,false,Gen Jyuu Gothic L Monospace,\setmainjfont{Gen Jyuu Gothic L Monospace}
Gen Jyuu Gothic LP,Bold,C:/WINDOWS/fonts/GenJyuuGothicL-P-Bold.ttf,true,false,Gen Jyuu Gothic LP,\setmainjfont{Gen Jyuu Gothic LP}
Gen Jyuu Gothic LP,ExtraLight,C:/WINDOWS/fonts/GenJyuuGothicL-P-ExtraLight.ttf,true,false,Gen Jyuu Gothic LP,\setmainjfont{Gen Jyuu Gothic LP}
Gen Jyuu Gothic LP,Heavy,C:/WINDOWS/fonts/GenJyuuGothicL-P-Heavy.ttf,true,false,Gen Jyuu Gothic LP,\setmainjfont{Gen Jyuu Gothic LP}
Gen Jyuu Gothic LP,Light,C:/WINDOWS/fonts/GenJyuuGothicL-P-Light.ttf,true,false,Gen Jyuu Gothic LP,\setmainjfont{Gen Jyuu Gothic LP}
Gen Jyuu Gothic LP,Medium,C:/WINDOWS/fonts/GenJyuuGothicL-P-Medium.ttf,true,false,Gen Jyuu Gothic LP,\setmainjfont{Gen Jyuu Gothic LP}
Gen Jyuu Gothic LP,Normal,C:/WINDOWS/fonts/GenJyuuGothicL-P-Normal.ttf,true,false,Gen Jyuu Gothic LP,\setmainjfont{Gen Jyuu Gothic LP}
Gen Jyuu Gothic LP,Regular,C:/WINDOWS/fonts/GenJyuuGothicL-P-Regular.ttf,true,false,Gen Jyuu Gothic LP,\setmainjfont{Gen Jyuu Gothic LP}
Gen Jyuu Gothic Monospace,Bold,C:/WINDOWS/fonts/GenJyuuGothic-Monospace-Bold.ttf,true,false,Gen Jyuu Gothic Monospace,\setmainjfont{Gen Jyuu Gothic Monospace}
Gen Jyuu Gothic Monospace,ExtraLight,C:/WINDOWS/fonts/GenJyuuGothic-Monospace-ExtraLight.ttf,true,false,Gen Jyuu Gothic Monospace,\setmainjfont{Gen Jyuu Gothic Monospace}
Gen Jyuu Gothic Monospace,Heavy,C:/WINDOWS/fonts/GenJyuuGothic-Monospace-Heavy.ttf,true,false,Gen Jyuu Gothic Monospace,\setmainjfont{Gen Jyuu Gothic Monospace}
Gen Jyuu Gothic Monospace,Light,C:/WINDOWS/fonts/GenJyuuGothic-Monospace-Light.ttf,true,false,Gen Jyuu Gothic Monospace,\setmainjfont{Gen Jyuu Gothic Monospace}
Gen Jyuu Gothic Monospace,Medium,C:/WINDOWS/fonts/GenJyuuGothic-Monospace-Medium.ttf,true,false,Gen Jyuu Gothic Monospace,\setmainjfont{Gen Jyuu Gothic Monospace}
Gen Jyuu Gothic Monospace,Normal,C:/WINDOWS/fonts/GenJyuuGothic-Monospace-Normal.ttf,true,false,Gen Jyuu Gothic Monospace,\setmainjfont{Gen Jyuu Gothic Monospace}
Gen Jyuu Gothic Monospace,Regular,C:/WINDOWS/fonts/GenJyuuGothic-Monospace-Regular.ttf,true,false,Gen Jyuu Gothic Monospace,\setmainjfont{Gen Jyuu Gothic Monospace}
Gen Jyuu Gothic P,Bold,C:/WINDOWS/fonts/GenJyuuGothic-P-Bold.ttf,true,false,Gen Jyuu Gothic P,\setmainjfont{Gen Jyuu Gothic P}
Gen Jyuu Gothic P,ExtraLight,C:/WINDOWS/fonts/GenJyuuGothic-P-ExtraLight.ttf,true,false,Gen Jyuu Gothic P,\setmainjfont{Gen Jyuu Gothic P}
Gen Jyuu Gothic P,Heavy,C:/WINDOWS/fonts/GenJyuuGothic-P-Heavy.ttf,true,false,Gen Jyuu Gothic P,\setmainjfont{Gen Jyuu Gothic P}
Gen Jyuu Gothic P,Light,C:/WINDOWS/fonts/GenJyuuGothic-P-Light.ttf,true,false,Gen Jyuu Gothic P,\setmainjfont{Gen Jyuu Gothic P}
Gen Jyuu Gothic P,Medium,C:/WINDOWS/fonts/GenJyuuGothic-P-Medium.ttf,true,false,Gen Jyuu Gothic P,\setmainjfont{Gen Jyuu Gothic P}
Gen Jyuu Gothic P,Normal,C:/WINDOWS/fonts/GenJyuuGothic-P-Normal.ttf,true,false,Gen Jyuu Gothic P,\setmainjfont{Gen Jyuu Gothic P}
Gen Jyuu Gothic P,Regular,C:/WINDOWS/fonts/GenJyuuGothic-P-Regular.ttf,true,false,Gen Jyuu Gothic P,\setmainjfont{Gen Jyuu Gothic P}
Gen Jyuu Gothic X Monospace,Bold,C:/WINDOWS/fonts/GenJyuuGothicX-Monospace-Bold.ttf,true,false,Gen Jyuu Gothic X Monospace,\setmainjfont{Gen Jyuu Gothic X Monospace}
Gen Jyuu Gothic X Monospace,ExtraLight,C:/WINDOWS/fonts/GenJyuuGothicX-Monospace-ExtraLight.ttf,true,false,Gen Jyuu Gothic X Monospace,\setmainjfont{Gen Jyuu Gothic X Monospace}
Gen Jyuu Gothic X Monospace,Heavy,C:/WINDOWS/fonts/GenJyuuGothicX-Monospace-Heavy.ttf,true,false,Gen Jyuu Gothic X Monospace,\setmainjfont{Gen Jyuu Gothic X Monospace}
Gen Jyuu Gothic X Monospace,Light,C:/WINDOWS/fonts/GenJyuuGothicX-Monospace-Light.ttf,true,false,Gen Jyuu Gothic X Monospace,\setmainjfont{Gen Jyuu Gothic X Monospace}
Gen Jyuu Gothic X Monospace,Medium,C:/WINDOWS/fonts/GenJyuuGothicX-Monospace-Medium.ttf,true,false,Gen Jyuu Gothic X Monospace,\setmainjfont{Gen Jyuu Gothic X Monospace}
Gen Jyuu Gothic X Monospace,Normal,C:/WINDOWS/fonts/GenJyuuGothicX-Monospace-Normal.ttf,true,false,Gen Jyuu Gothic X Monospace,\setmainjfont{Gen Jyuu Gothic X Monospace}
Gen Jyuu Gothic X Monospace,Regular,C:/WINDOWS/fonts/GenJyuuGothicX-Monospace-Regular.ttf,true,false,Gen Jyuu Gothic X Monospace,\setmainjfont{Gen Jyuu Gothic X Monospace}
Gen Jyuu Gothic XP,Bold,C:/WINDOWS/fonts/GenJyuuGothicX-P-Bold.ttf,true,false,Gen Jyuu Gothic XP,\setmainjfont{Gen Jyuu Gothic XP}
Gen Jyuu Gothic XP,ExtraLight,C:/WINDOWS/fonts/GenJyuuGothicX-P-ExtraLight.ttf,true,false,Gen Jyuu Gothic XP,\setmainjfont{Gen Jyuu Gothic XP}
Gen Jyuu Gothic XP,Heavy,C:/WINDOWS/fonts/GenJyuuGothicX-P-Heavy.ttf,true,false,Gen Jyuu Gothic XP,\setmainjfont{Gen Jyuu Gothic XP}
Gen Jyuu Gothic XP,Light,C:/WINDOWS/fonts/GenJyuuGothicX-P-Light.ttf,true,false,Gen Jyuu Gothic XP,\setmainjfont{Gen Jyuu Gothic XP}
Gen Jyuu Gothic XP,Medium,C:/WINDOWS/fonts/GenJyuuGothicX-P-Medium.ttf,true,false,Gen Jyuu Gothic XP,\setmainjfont{Gen Jyuu Gothic XP}
Gen Jyuu Gothic XP,Normal,C:/WINDOWS/fonts/GenJyuuGothicX-P-Normal.ttf,true,false,Gen Jyuu Gothic XP,\setmainjfont{Gen Jyuu Gothic XP}
Gen Jyuu Gothic XP,Regular,C:/WINDOWS/fonts/GenJyuuGothicX-P-Regular.ttf,true,false,Gen Jyuu Gothic XP,\setmainjfont{Gen Jyuu Gothic XP}
Gen Jyuu GothicL,Bold,C:/WINDOWS/fonts/GenJyuuGothicL-Bold.ttf,true,false,Gen Jyuu GothicL,\setmainjfont{Gen Jyuu GothicL}
Gen Jyuu GothicL,ExtraLight,C:/WINDOWS/fonts/GenJyuuGothicL-ExtraLight.ttf,true,false,Gen Jyuu GothicL,\setmainjfont{Gen Jyuu GothicL}
Gen Jyuu GothicL,Heavy,C:/WINDOWS/fonts/GenJyuuGothicL-Heavy.ttf,true,false,Gen Jyuu GothicL,\setmainjfont{Gen Jyuu GothicL}
Gen Jyuu GothicL,Light,C:/WINDOWS/fonts/GenJyuuGothicL-Light.ttf,true,false,Gen Jyuu GothicL,\setmainjfont{Gen Jyuu GothicL}
Gen Jyuu GothicL,Medium,C:/WINDOWS/fonts/GenJyuuGothicL-Medium.ttf,true,false,Gen Jyuu GothicL,\setmainjfont{Gen Jyuu GothicL}
Gen Jyuu GothicL,Normal,C:/WINDOWS/fonts/GenJyuuGothicL-Normal.ttf,true,false,Gen Jyuu GothicL,\setmainjfont{Gen Jyuu GothicL}
Gen Jyuu GothicL,Regular,C:/WINDOWS/fonts/GenJyuuGothicL-Regular.ttf,true,false,Gen Jyuu GothicL,\setmainjfont{Gen Jyuu GothicL}
Gen Jyuu GothicX,Bold,C:/WINDOWS/fonts/GenJyuuGothicX-Bold.ttf,true,false,Gen Jyuu GothicX,\setmainjfont{Gen Jyuu GothicX}
Gen Jyuu GothicX,ExtraLight,C:/WINDOWS/fonts/GenJyuuGothicX-ExtraLight.ttf,true,false,Gen Jyuu GothicX,\setmainjfont{Gen Jyuu GothicX}
Gen Jyuu GothicX,Heavy,C:/WINDOWS/fonts/GenJyuuGothicX-Heavy.ttf,true,false,Gen Jyuu GothicX,\setmainjfont{Gen Jyuu GothicX}
Gen Jyuu GothicX,Light,C:/WINDOWS/fonts/GenJyuuGothicX-Light.ttf,true,false,Gen Jyuu GothicX,\setmainjfont{Gen Jyuu GothicX}
Gen Jyuu GothicX,Medium,C:/WINDOWS/fonts/GenJyuuGothicX-Medium.ttf,true,false,Gen Jyuu GothicX,\setmainjfont{Gen Jyuu GothicX}
Gen Jyuu GothicX,Normal,C:/WINDOWS/fonts/GenJyuuGothicX-Normal.ttf,true,false,Gen Jyuu GothicX,\setmainjfont{Gen Jyuu GothicX}
Gen Jyuu GothicX,Regular,C:/WINDOWS/fonts/GenJyuuGothicX-Regular.ttf,true,false,Gen Jyuu GothicX,\setmainjfont{Gen Jyuu GothicX}
Gen Shin Gothic,Bold,C:/WINDOWS/fonts/GenShinGothic-Bold.ttf,true,false,Gen Shin Gothic,\setmainjfont{Gen Shin Gothic}
Gen Shin Gothic,ExtraLight,C:/WINDOWS/fonts/GenShinGothic-ExtraLight.ttf,true,false,Gen Shin Gothic,\setmainjfont{Gen Shin Gothic}
Gen Shin Gothic,Heavy,C:/WINDOWS/fonts/GenShinGothic-Heavy.ttf,true,false,Gen Shin Gothic,\setmainjfont{Gen Shin Gothic}
Gen Shin Gothic,Light,C:/WINDOWS/fonts/GenShinGothic-Light.ttf,true,false,Gen Shin Gothic,\setmainjfont{Gen Shin Gothic}
Gen Shin Gothic,Medium,C:/WINDOWS/fonts/GenShinGothic-Medium.ttf,true,false,Gen Shin Gothic,\setmainjfont{Gen Shin Gothic}
Gen Shin Gothic,Normal,C:/WINDOWS/fonts/GenShinGothic-Normal.ttf,true,false,Gen Shin Gothic,\setmainjfont{Gen Shin Gothic}
Gen Shin Gothic,Regular,C:/WINDOWS/fonts/GenShinGothic-Regular.ttf,true,false,Gen Shin Gothic,\setmainjfont{Gen Shin Gothic}
Gen Shin Gothic Monospace,Bold,C:/WINDOWS/fonts/GenShinGothic-Monospace-Bold.ttf,true,false,Gen Shin Gothic Monospace,\setmainjfont{Gen Shin Gothic Monospace}
Gen Shin Gothic Monospace,ExtraLight,C:/WINDOWS/fonts/GenShinGothic-Monospace-ExtraLight.ttf,true,false,Gen Shin Gothic Monospace,\setmainjfont{Gen Shin Gothic Monospace}
Gen Shin Gothic Monospace,Heavy,C:/WINDOWS/fonts/GenShinGothic-Monospace-Heavy.ttf,true,false,Gen Shin Gothic Monospace,\setmainjfont{Gen Shin Gothic Monospace}
Gen Shin Gothic Monospace,Light,C:/WINDOWS/fonts/GenShinGothic-Monospace-Light.ttf,true,false,Gen Shin Gothic Monospace,\setmainjfont{Gen Shin Gothic Monospace}
Gen Shin Gothic Monospace,Medium,C:/WINDOWS/fonts/GenShinGothic-Monospace-Medium.ttf,true,false,Gen Shin Gothic Monospace,\setmainjfont{Gen Shin Gothic Monospace}
Gen Shin Gothic Monospace,Normal,C:/WINDOWS/fonts/GenShinGothic-Monospace-Normal.ttf,true,false,Gen Shin Gothic Monospace,\setmainjfont{Gen Shin Gothic Monospace}
Gen Shin Gothic Monospace,Regular,C:/WINDOWS/fonts/GenShinGothic-Monospace-Regular.ttf,true,false,Gen Shin Gothic Monospace,\setmainjfont{Gen Shin Gothic Monospace}
Gen Shin Gothic P,Bold,C:/WINDOWS/fonts/GenShinGothic-P-Bold.ttf,true,false,Gen Shin Gothic P,\setmainjfont{Gen Shin Gothic P}
Gen Shin Gothic P,ExtraLight,C:/WINDOWS/fonts/GenShinGothic-P-ExtraLight.ttf,true,false,Gen Shin Gothic P,\setmainjfont{Gen Shin Gothic P}
Gen Shin Gothic P,Heavy,C:/WINDOWS/fonts/GenShinGothic-P-Heavy.ttf,true,false,Gen Shin Gothic P,\setmainjfont{Gen Shin Gothic P}
Gen Shin Gothic P,Light,C:/WINDOWS/fonts/GenShinGothic-P-Light.ttf,true,false,Gen Shin Gothic P,\setmainjfont{Gen Shin Gothic P}
Gen Shin Gothic P,Medium,C:/WINDOWS/fonts/GenShinGothic-P-Medium.ttf,true,false,Gen Shin Gothic P,\setmainjfont{Gen Shin Gothic P}
Gen Shin Gothic P,Normal,C:/WINDOWS/fonts/GenShinGothic-P-Normal.ttf,true,false,Gen Shin Gothic P,\setmainjfont{Gen Shin Gothic P}
Gen Shin Gothic P,Regular,C:/WINDOWS/fonts/GenShinGothic-P-Regular.ttf,true,false,Gen Shin Gothic P,\setmainjfont{Gen Shin Gothic P}
GenEi Chikugo Mincho v3,Regular,C:/WINDOWS/fonts/GenEiChikugoMin3-R.ttf,true,false,GenEi Chikugo Mincho v3,\setmainjfont{GenEi Chikugo Mincho v3}
GenEi Gothic M,Bold,C:/WINDOWS/fonts/GenEiGothicM-Bold.ttf,true,false,GenEi Gothic M,\setmainjfont{GenEi Gothic M}
GenEi Gothic M,ExtraLight,C:/WINDOWS/fonts/GenEiGothicM-ExtraLight.ttf,true,false,GenEi Gothic M,\setmainjfont{GenEi Gothic M}
GenEi Gothic M,Heavy,C:/WINDOWS/fonts/GenEiGothicM-Heavy.ttf,true,false,GenEi Gothic M,\setmainjfont{GenEi Gothic M}
GenEi Gothic M,Light,C:/WINDOWS/fonts/GenEiGothicM-Light.ttf,true,false,GenEi Gothic M,\setmainjfont{GenEi Gothic M}
GenEi Gothic M,Regular,C:/WINDOWS/fonts/GenEiGothicM-Regular.ttf,true,false,GenEi Gothic M,\setmainjfont{GenEi Gothic M}
GenEi Gothic M,SemiBold,C:/WINDOWS/fonts/GenEiGothicM-SemiBold.ttf,true,false,GenEi Gothic M,\setmainjfont{GenEi Gothic M}
GenEi Gothic M,SemiLight,C:/WINDOWS/fonts/GenEiGothicM-SemiLight.ttf,true,false,GenEi Gothic M,\setmainjfont{GenEi Gothic M}
GenEi Gothic N,Bold,C:/WINDOWS/fonts/GenEiGothicN-Bold.otf,true,false,GenEi Gothic N,\setmainjfont{GenEi Gothic N}
GenEi Gothic N,ExtraLight,C:/WINDOWS/fonts/GenEiGothicN-ExtraLigh.otf,true,false,GenEi Gothic N,\setmainjfont{GenEi Gothic N}
GenEi Gothic N,H-KL,C:/WINDOWS/fonts/GenEiGothicN-H-KL.otf,true,false,GenEi Gothic N,\setmainjfont{GenEi Gothic N}
GenEi Gothic N,Heavy,C:/WINDOWS/fonts/GenEiGothicN-Heavy.otf,true,false,GenEi Gothic N,\setmainjfont{GenEi Gothic N}
GenEi Gothic N,Light,C:/WINDOWS/fonts/GenEiGothicN-Ligh.otf,true,false,GenEi Gothic N,\setmainjfont{GenEi Gothic N}
GenEi Gothic N,Regular,C:/WINDOWS/fonts/GenEiGothicN-Regular.otf,true,false,GenEi Gothic N,\setmainjfont{GenEi Gothic N}
GenEi Gothic N,SemiBold,C:/WINDOWS/fonts/GenEiGothicN-SemiBold.otf,true,false,GenEi Gothic N,\setmainjfont{GenEi Gothic N}
GenEi Gothic N,SemiLight,C:/WINDOWS/fonts/GenEiGothicN-SemiLight.otf,true,false,GenEi Gothic N,\setmainjfont{GenEi Gothic N}
GenEi Gothic N,U-KL,C:/WINDOWS/fonts/GenEiGothicN-U-KL.otf,true,false,GenEi Gothic N,\setmainjfont{GenEi Gothic N}
GenEi Gothic P,Bold,C:/WINDOWS/fonts/GenEiGothicP-Bold.otf,true,false,GenEi Gothic P,\setmainjfont{GenEi Gothic P}
GenEi Gothic P,ExtraLight,C:/WINDOWS/fonts/GenEiGothicP-ExtraLight.otf,true,false,GenEi Gothic P,\setmainjfont{GenEi Gothic P}
GenEi Gothic P,H-KL,C:/WINDOWS/fonts/GenEiGothicP-H-KL.otf,true,false,GenEi Gothic P,\setmainjfont{GenEi Gothic P}
GenEi Gothic P,Heavy,C:/WINDOWS/fonts/GenEiGothicP-Heavy.otf,true,false,GenEi Gothic P,\setmainjfont{GenEi Gothic P}
GenEi Gothic P,Light,C:/WINDOWS/fonts/GenEiGothicP-Light.otf,true,false,GenEi Gothic P,\setmainjfont{GenEi Gothic P}
GenEi Gothic P,Regular,C:/WINDOWS/fonts/GenEiGothicP-Regular.otf,true,false,GenEi Gothic P,\setmainjfont{GenEi Gothic P}
GenEi Gothic P,SemiBold,C:/WINDOWS/fonts/GenEiGothicP-SemiBold.otf,true,false,GenEi Gothic P,\setmainjfont{GenEi Gothic P}
GenEi Gothic P,SemiLight,C:/WINDOWS/fonts/GenEiGothicP-SemiLight.otf,true,false,GenEi Gothic P,\setmainjfont{GenEi Gothic P}
GenEi Koburi Mincho v6,Regular,C:/WINDOWS/fonts/GenEiKoburiMin6-R.ttf,true,false,GenEi Koburi Mincho v6,\setmainjfont{GenEi Koburi Mincho v6}
GenEi M Gothic v2,Black,C:/WINDOWS/fonts/GenEiMGothic2-Black.ttf,true,false,GenEi M Gothic v2,\setmainjfont{GenEi M Gothic v2}
GenEi M Gothic v2,Bold,C:/WINDOWS/fonts/GenEiMGothic2-Bold.ttf,true,false,GenEi M Gothic v2,\setmainjfont{GenEi M Gothic v2}
GenEi M Gothic v2,Heavy,C:/WINDOWS/fonts/GenEiMGothic2-Heavy.ttf,true,false,GenEi M Gothic v2,\setmainjfont{GenEi M Gothic v2}
GenEi M Gothic v2,Medium,C:/WINDOWS/fonts/GenEiMGothic2-Medium.ttf,true,false,GenEi M Gothic v2,\setmainjfont{GenEi M Gothic v2}
GenEi M Gothic v2,Regular,C:/WINDOWS/fonts/GenEiMGothic2-Regular.ttf,true,false,GenEi M Gothic v2,\setmainjfont{GenEi M Gothic v2}
GenEi Mono Gothic,Bold,C:/WINDOWS/fonts/GenEiMonoGothic-Bold.ttf,true,false,GenEi Mono Gothic,\setmainjfont{GenEi Mono Gothic}
GenEi Mono Gothic,Regular,C:/WINDOWS/fonts/GenEiMonoGothic-Regular.ttf,true,false,GenEi Mono Gothic,\setmainjfont{GenEi Mono Gothic}
GenEi Nu Gothic EB,Regular,C:/WINDOWS/fonts/GenEiNuGothic-EB.ttf,true,false,GenEi Nu Gothic EB,\setmainjfont{GenEi Nu Gothic EB}
GothicE,Regular,C:/WINDOWS/fonts/gothice_.ttf,true,false,GothicE,\setmainjfont{GothicE}
GothicG,Regular,C:/WINDOWS/fonts/gothicg_.ttf,true,false,GothicG,\setmainjfont{GothicG}
GothicI,Regular,C:/WINDOWS/fonts/gothici_.ttf,true,false,GothicI,\setmainjfont{GothicI}
Harano Aji Gothic,Bold,C:/WINDOWS/fonts/HaranoAjiGothic-Bold.otf,true,false,Harano Aji Gothic,\setmainjfont{Harano Aji Gothic}
Harano Aji Gothic,Bold,C:/texlive/2026/texmf-dist/fonts/opentype/public/haranoaji/HaranoAjiGothic-Bold.otf,true,false,Harano Aji Gothic,\setmainjfont{Harano Aji Gothic}
Harano Aji Gothic,ExtraLight,C:/WINDOWS/fonts/HaranoAjiGothic-ExtraLight.otf,true,false,Harano Aji Gothic,\setmainjfont{Harano Aji Gothic}
Harano Aji Gothic,ExtraLight,C:/texlive/2026/texmf-dist/fonts/opentype/public/haranoaji-extra/HaranoAjiGothic-ExtraLight.otf,true,false,Harano Aji Gothic,\setmainjfont{Harano Aji Gothic}
Harano Aji Gothic,Heavy,C:/texlive/2026/texmf-dist/fonts/opentype/public/haranoaji/HaranoAjiGothic-Heavy.otf,true,false,Harano Aji Gothic,\setmainjfont{Harano Aji Gothic}
Harano Aji Gothic,Heavy,C:/WINDOWS/fonts/HaranoAjiGothic-Heavy.otf,true,false,Harano Aji Gothic,\setmainjfont{Harano Aji Gothic}
Harano Aji Gothic,Light,C:/WINDOWS/fonts/HaranoAjiGothic-Light.otf,true,false,Harano Aji Gothic,\setmainjfont{Harano Aji Gothic}
Harano Aji Gothic,Light,C:/texlive/2026/texmf-dist/fonts/opentype/public/haranoaji-extra/HaranoAjiGothic-Light.otf,true,false,Harano Aji Gothic,\setmainjfont{Harano Aji Gothic}
Harano Aji Gothic,Medium,C:/WINDOWS/fonts/HaranoAjiGothic-Medium.otf,true,false,Harano Aji Gothic,\setmainjfont{Harano Aji Gothic}
Harano Aji Gothic,Medium,C:/texlive/2026/texmf-dist/fonts/opentype/public/haranoaji/HaranoAjiGothic-Medium.otf,true,false,Harano Aji Gothic,\setmainjfont{Harano Aji Gothic}
Harano Aji Gothic,Normal,C:/WINDOWS/fonts/HaranoAjiGothic-Normal.otf,true,false,Harano Aji Gothic,\setmainjfont{Harano Aji Gothic}
Harano Aji Gothic,Normal,C:/texlive/2026/texmf-dist/fonts/opentype/public/haranoaji-extra/HaranoAjiGothic-Normal.otf,true,false,Harano Aji Gothic,\setmainjfont{Harano Aji Gothic}
Harano Aji Gothic,Regular,C:/texlive/2026/texmf-dist/fonts/opentype/public/haranoaji/HaranoAjiGothic-Regular.otf,true,false,Harano Aji Gothic,\setmainjfont{Harano Aji Gothic}
Harano Aji Gothic,Regular,C:/WINDOWS/fonts/HaranoAjiGothic-Regular.otf,true,false,Harano Aji Gothic,\setmainjfont{Harano Aji Gothic}
Harano Aji Mincho,Bold,C:/texlive/2026/texmf-dist/fonts/opentype/public/haranoaji/HaranoAjiMincho-Bold.otf,true,false,Harano Aji Mincho,\setmainjfont{Harano Aji Mincho}
Harano Aji Mincho,Bold,C:/WINDOWS/fonts/HaranoAjiMincho-Bold.otf,true,false,Harano Aji Mincho,\setmainjfont{Harano Aji Mincho}
Harano Aji Mincho,ExtraLight,C:/WINDOWS/fonts/HaranoAjiMincho-ExtraLight.otf,true,false,Harano Aji Mincho,\setmainjfont{Harano Aji Mincho}
Harano Aji Mincho,ExtraLight,C:/texlive/2026/texmf-dist/fonts/opentype/public/haranoaji-extra/HaranoAjiMincho-ExtraLight.otf,true,false,Harano Aji Mincho,\setmainjfont{Harano Aji Mincho}
Harano Aji Mincho,Heavy,C:/texlive/2026/texmf-dist/fonts/opentype/public/haranoaji-extra/HaranoAjiMincho-Heavy.otf,true,false,Harano Aji Mincho,\setmainjfont{Harano Aji Mincho}
Harano Aji Mincho,Heavy,C:/WINDOWS/fonts/HaranoAjiMincho-Heavy.otf,true,false,Harano Aji Mincho,\setmainjfont{Harano Aji Mincho}
Harano Aji Mincho,Light,C:/texlive/2026/texmf-dist/fonts/opentype/public/haranoaji/HaranoAjiMincho-Light.otf,true,false,Harano Aji Mincho,\setmainjfont{Harano Aji Mincho}
Harano Aji Mincho,Light,C:/WINDOWS/fonts/HaranoAjiMincho-Light.otf,true,false,Harano Aji Mincho,\setmainjfont{Harano Aji Mincho}
Harano Aji Mincho,Medium,C:/texlive/2026/texmf-dist/fonts/opentype/public/haranoaji-extra/HaranoAjiMincho-Medium.otf,true,false,Harano Aji Mincho,\setmainjfont{Harano Aji Mincho}
Harano Aji Mincho,Medium,C:/WINDOWS/fonts/HaranoAjiMincho-Medium.otf,true,false,Harano Aji Mincho,\setmainjfont{Harano Aji Mincho}
Harano Aji Mincho,Regular,C:/WINDOWS/fonts/HaranoAjiMincho-Regular.otf,true,false,Harano Aji Mincho,\setmainjfont{Harano Aji Mincho}
Harano Aji Mincho,Regular,C:/texlive/2026/texmf-dist/fonts/opentype/public/haranoaji/HaranoAjiMincho-Regular.otf,true,false,Harano Aji Mincho,\setmainjfont{Harano Aji Mincho}
Harano Aji Mincho,SemiBold,C:/texlive/2026/texmf-dist/fonts/opentype/public/haranoaji-extra/HaranoAjiMincho-SemiBold.otf,true,false,Harano Aji Mincho,\setmainjfont{Harano Aji Mincho}
Harano Aji Mincho,SemiBold,C:/WINDOWS/fonts/HaranoAjiMincho-SemiBold.otf,true,false,Harano Aji Mincho,\setmainjfont{Harano Aji Mincho}
HGGothicE,Regular,C:/WINDOWS/fonts/HGRGE.TTC,true,false,HGGothicE,\setmainjfont{HGGothicE}
HGGothicM,Medium,C:/WINDOWS/fonts/HGRGM.TTC,true,false,HGGothicM,\setmainjfont{HGGothicM}
HGMaruGothicMPRO,Regular,C:/WINDOWS/fonts/HGRSMP.TTF,true,false,HGMaruGothicMPRO,\setmainjfont{HGMaruGothicMPRO}
HGMinchoB,Bold,C:/WINDOWS/fonts/HGRMB.TTC,true,false,HGMinchoB,\setmainjfont{HGMinchoB}
HGMinchoE,Regular,C:/WINDOWS/fonts/HGRME.TTC,true,false,HGMinchoE,\setmainjfont{HGMinchoE}
HGPGothicE,Regular,C:/WINDOWS/fonts/HGRGE.TTC,true,false,HGPGothicE,\setmainjfont{HGPGothicE}
HGPGothicM,Medium,C:/WINDOWS/fonts/HGRGM.TTC,true,false,HGPGothicM,\setmainjfont{HGPGothicM}
HGPMinchoB,Bold,C:/WINDOWS/fonts/HGRMB.TTC,true,false,HGPMinchoB,\setmainjfont{HGPMinchoB}
HGPMinchoE,Regular,C:/WINDOWS/fonts/HGRME.TTC,true,false,HGPMinchoE,\setmainjfont{HGPMinchoE}
HGPSoeiKakugothicUB,Regular,C:/WINDOWS/fonts/HGRSGU.TTC,true,false,HGPSoeiKakugothicUB,\setmainjfont{HGPSoeiKakugothicUB}
HGSGothicE,Regular,C:/WINDOWS/fonts/HGRGE.TTC,true,false,HGSGothicE,\setmainjfont{HGSGothicE}
HGSGothicM,Medium,C:/WINDOWS/fonts/HGRGM.TTC,true,false,HGSGothicM,\setmainjfont{HGSGothicM}
HGSMinchoB,Bold,C:/WINDOWS/fonts/HGRMB.TTC,true,false,HGSMinchoB,\setmainjfont{HGSMinchoB}
HGSMinchoE,Regular,C:/WINDOWS/fonts/HGRME.TTC,true,false,HGSMinchoE,\setmainjfont{HGSMinchoE}
HGSoeiKakugothicUB,Regular,C:/WINDOWS/fonts/HGRSGU.TTC,true,false,HGSoeiKakugothicUB,\setmainjfont{HGSoeiKakugothicUB}
HGSSoeiKakugothicUB,Regular,C:/WINDOWS/fonts/HGRSGU.TTC,true,false,HGSSoeiKakugothicUB,\setmainjfont{HGSSoeiKakugothicUB}
Hina Mincho,Regular,C:/WINDOWS/fonts/HinaMincho-Regular.ttf,true,false,Hina Mincho,\setmainjfont{Hina Mincho}
Honoka Shin Maru-Gothic,Regular,C:/WINDOWS/fonts/Honoka-Shin-Maru-Gothic_R.otf,true,false,Honoka Shin Maru-Gothic,\setmainjfont{Honoka Shin Maru-Gothic}
Honoka Shin Mincho,Light,C:/WINDOWS/fonts/Honoka_Shin_Mincho_L.otf,true,false,Honoka Shin Mincho,\setmainjfont{Honoka Shin Mincho}
HP Simplified Jpan,Light,C:/WINDOWS/fonts/hpsimplifiedjpan-light.ttf,true,false,HP Simplified Jpan,\setmainjfont{HP Simplified Jpan}
HP Simplified Jpan,Regular,C:/WINDOWS/fonts/hpsimplifiedjpan-regular.ttf,true,false,HP Simplified Jpan,\setmainjfont{HP Simplified Jpan}
IPAexGothic,Regular,C:/texlive/2026/texmf-dist/fonts/truetype/public/ipaex/ipaexg.ttf,true,false,IPAexGothic,\setmainjfont{IPAexGothic}
IPAexGothic,Regular,C:/WINDOWS/fonts/ipaexg.ttf,true,false,IPAexGothic,\setmainjfont{IPAexGothic}
IPAGothic,Regular,C:/texlive/2026/texmf-dist/fonts/truetype/public/ipaex/ipag.ttf,true,false,IPAGothic,\setmainjfont{IPAGothic}
IPAGothic,Regular,C:/WINDOWS/fonts/ipag.ttc,true,false,IPAGothic,\setmainjfont{IPAGothic}
IPAGothic,Regular,C:/WINDOWS/fonts/ipag.ttf,true,false,IPAGothic,\setmainjfont{IPAGothic}
IPAPGothic,Regular,C:/texlive/2026/texmf-dist/fonts/truetype/public/ipaex/ipagp.ttf,true,false,IPAPGothic,\setmainjfont{IPAPGothic}
IPAPGothic,Regular,C:/WINDOWS/fonts/ipag.ttc,true,false,IPAPGothic,\setmainjfont{IPAPGothic}
IPAPGothic,Regular,C:/WINDOWS/fonts/ipagp.ttf,true,false,IPAPGothic,\setmainjfont{IPAPGothic}
IPAPMincho,Regular,C:/WINDOWS/fonts/ipamp.ttf,true,false,IPAPMincho,\setmainjfont{IPAPMincho}
IPAPMincho,Regular,C:/WINDOWS/fonts/ipam.ttc,true,false,IPAPMincho,\setmainjfont{IPAPMincho}
IPAPMincho,Regular,C:/texlive/2026/texmf-dist/fonts/truetype/public/ipaex/ipamp.ttf,true,false,IPAPMincho,\setmainjfont{IPAPMincho}
Koku Gothic Light,Regular,C:/WINDOWS/fonts/font_1_kokugl_1.15_rls.ttf,true,false,Koku Gothic Light,\setmainjfont{Koku Gothic Light}
Malgun Gothic,Bold,C:/WINDOWS/fonts/malgunbd.ttf,true,false,Malgun Gothic,\setmainjfont{Malgun Gothic}
Malgun Gothic,Regular,C:/WINDOWS/fonts/malgun.ttf,true,false,Malgun Gothic,\setmainjfont{Malgun Gothic}
Malgun Gothic,Semilight,C:/WINDOWS/fonts/malgunsl.ttf,true,false,Malgun Gothic,\setmainjfont{Malgun Gothic}
Meiryo,Bold,C:/WINDOWS/fonts/meiryob.ttc,true,false,Meiryo,\setmainjfont{Meiryo}
Meiryo,Bold Italic,C:/WINDOWS/fonts/meiryob.ttc,true,false,Meiryo,\setmainjfont{Meiryo}
Meiryo,Italic,C:/WINDOWS/fonts/meiryo.ttc,true,false,Meiryo,\setmainjfont{Meiryo}
Meiryo,Regular,C:/WINDOWS/fonts/meiryo.ttc,true,false,Meiryo,\setmainjfont{Meiryo}
Meiryo UI,Bold,C:/WINDOWS/fonts/meiryob.ttc,true,false,Meiryo UI,\setmainjfont{Meiryo UI}
Meiryo UI,Bold Italic,C:/WINDOWS/fonts/meiryob.ttc,true,false,Meiryo UI,\setmainjfont{Meiryo UI}
Meiryo UI,Italic,C:/WINDOWS/fonts/meiryo.ttc,true,false,Meiryo UI,\setmainjfont{Meiryo UI}
Meiryo UI,Regular,C:/WINDOWS/fonts/meiryo.ttc,true,false,Meiryo UI,\setmainjfont{Meiryo UI}
Moralerspace Argon JPDOC,Bold,C:/WINDOWS/fonts/MoralerspaceArgonJPDOC-Bold.ttf,true,false,Moralerspace Argon JPDOC,\setmainjfont{Moralerspace Argon JPDOC}
Moralerspace Argon JPDOC,BoldItalic,C:/WINDOWS/fonts/MoralerspaceArgonJPDOC-BoldItalic.ttf,true,false,Moralerspace Argon JPDOC,\setmainjfont{Moralerspace Argon JPDOC}
Moralerspace Argon JPDOC,Italic,C:/WINDOWS/fonts/MoralerspaceArgonJPDOC-Italic.ttf,true,false,Moralerspace Argon JPDOC,\setmainjfont{Moralerspace Argon JPDOC}
Moralerspace Argon JPDOC,Regular,C:/WINDOWS/fonts/MoralerspaceArgonJPDOC-Regular.ttf,true,false,Moralerspace Argon JPDOC,\setmainjfont{Moralerspace Argon JPDOC}
Moralerspace Krypton JPDOC,Bold,C:/WINDOWS/fonts/MoralerspaceKryptonJPDOC-Bold.ttf,true,false,Moralerspace Krypton JPDOC,\setmainjfont{Moralerspace Krypton JPDOC}
Moralerspace Krypton JPDOC,BoldItalic,C:/WINDOWS/fonts/MoralerspaceKryptonJPDOC-BoldItalic.ttf,true,false,Moralerspace Krypton JPDOC,\setmainjfont{Moralerspace Krypton JPDOC}
Moralerspace Krypton JPDOC,Italic,C:/WINDOWS/fonts/MoralerspaceKryptonJPDOC-Italic.ttf,true,false,Moralerspace Krypton JPDOC,\setmainjfont{Moralerspace Krypton JPDOC}
Moralerspace Krypton JPDOC,Regular,C:/WINDOWS/fonts/MoralerspaceKryptonJPDOC-Regular.ttf,true,false,Moralerspace Krypton JPDOC,\setmainjfont{Moralerspace Krypton JPDOC}
Moralerspace Neon JPDOC,Bold,C:/WINDOWS/fonts/MoralerspaceNeonJPDOC-Bold.ttf,true,false,Moralerspace Neon JPDOC,\setmainjfont{Moralerspace Neon JPDOC}
Moralerspace Neon JPDOC,BoldItalic,C:/WINDOWS/fonts/MoralerspaceNeonJPDOC-BoldItalic.ttf,true,false,Moralerspace Neon JPDOC,\setmainjfont{Moralerspace Neon JPDOC}
Moralerspace Neon JPDOC,Italic,C:/WINDOWS/fonts/MoralerspaceNeonJPDOC-Italic.ttf,true,false,Moralerspace Neon JPDOC,\setmainjfont{Moralerspace Neon JPDOC}
Moralerspace Neon JPDOC,Regular,C:/WINDOWS/fonts/MoralerspaceNeonJPDOC-Regular.ttf,true,false,Moralerspace Neon JPDOC,\setmainjfont{Moralerspace Neon JPDOC}
Moralerspace Radon JPDOC,Bold,C:/WINDOWS/fonts/MoralerspaceRadonJPDOC-Bold.ttf,true,false,Moralerspace Radon JPDOC,\setmainjfont{Moralerspace Radon JPDOC}
Moralerspace Radon JPDOC,BoldItalic,C:/WINDOWS/fonts/MoralerspaceRadonJPDOC-BoldItalic.ttf,true,false,Moralerspace Radon JPDOC,\setmainjfont{Moralerspace Radon JPDOC}
Moralerspace Radon JPDOC,Italic,C:/WINDOWS/fonts/MoralerspaceRadonJPDOC-Italic.ttf,true,false,Moralerspace Radon JPDOC,\setmainjfont{Moralerspace Radon JPDOC}
Moralerspace Radon JPDOC,Regular,C:/WINDOWS/fonts/MoralerspaceRadonJPDOC-Regular.ttf,true,false,Moralerspace Radon JPDOC,\setmainjfont{Moralerspace Radon JPDOC}
Moralerspace Xenon JPDOC,Bold,C:/WINDOWS/fonts/MoralerspaceXenonJPDOC-Bold.ttf,true,false,Moralerspace Xenon JPDOC,\setmainjfont{Moralerspace Xenon JPDOC}
Moralerspace Xenon JPDOC,BoldItalic,C:/WINDOWS/fonts/MoralerspaceXenonJPDOC-BoldItalic.ttf,true,false,Moralerspace Xenon JPDOC,\setmainjfont{Moralerspace Xenon JPDOC}
Moralerspace Xenon JPDOC,Italic,C:/WINDOWS/fonts/MoralerspaceXenonJPDOC-Italic.ttf,true,false,Moralerspace Xenon JPDOC,\setmainjfont{Moralerspace Xenon JPDOC}
Moralerspace Xenon JPDOC,Regular,C:/WINDOWS/fonts/MoralerspaceXenonJPDOC-Regular.ttf,true,false,Moralerspace Xenon JPDOC,\setmainjfont{Moralerspace Xenon JPDOC}
MS Gothic,Regular,C:/WINDOWS/fonts/msgothic.ttc,true,false,MS Gothic,\setmainjfont{MS Gothic}
MS Mincho,Regular,C:/WINDOWS/fonts/msmincho.ttc,true,false,MS Mincho,\setmainjfont{MS Mincho}
MS PGothic,Regular,C:/WINDOWS/fonts/msgothic.ttc,true,false,MS PGothic,\setmainjfont{MS PGothic}
MS PMincho,Regular,C:/WINDOWS/fonts/msmincho.ttc,true,false,MS PMincho,\setmainjfont{MS PMincho}
MS UI Gothic,Regular,C:/WINDOWS/fonts/msgothic.ttc,true,false,MS UI Gothic,\setmainjfont{MS UI Gothic}
Nagomi Gokuboso Gothic,ExtraLight,C:/WINDOWS/fonts/NagomiGokubosoGothic-ExtraLight.otf,true,false,Nagomi Gokuboso Gothic,\setmainjfont{Nagomi Gokuboso Gothic}
Noto Sans JP,Black,C:/WINDOWS/fonts/NotoSansJP-VF.ttf,true,false,Noto Sans JP,\setmainjfont{Noto Sans JP}
Noto Sans JP,Black,C:/WINDOWS/fonts/NotoSansJP-VariableFont_wght.ttf,true,false,Noto Sans JP,\setmainjfont{Noto Sans JP}
Noto Sans JP,Bold,C:/WINDOWS/fonts/NotoSansJP-VF.ttf,true,false,Noto Sans JP,\setmainjfont{Noto Sans JP}
Noto Sans JP,Bold,C:/WINDOWS/fonts/NotoSansJP-VariableFont_wght.ttf,true,false,Noto Sans JP,\setmainjfont{Noto Sans JP}
Noto Sans JP,DemiLight,C:/WINDOWS/fonts/NotoSansJP-VF.ttf,true,false,Noto Sans JP,\setmainjfont{Noto Sans JP}
Noto Sans JP,ExtraBold,C:/WINDOWS/fonts/NotoSansJP-VariableFont_wght.ttf,true,false,Noto Sans JP,\setmainjfont{Noto Sans JP}
Noto Sans JP,ExtraLight,C:/WINDOWS/fonts/NotoSansJP-VariableFont_wght.ttf,true,false,Noto Sans JP,\setmainjfont{Noto Sans JP}
Noto Sans JP,Light,C:/WINDOWS/fonts/NotoSansJP-VariableFont_wght.ttf,true,false,Noto Sans JP,\setmainjfont{Noto Sans JP}
Noto Sans JP,Light,C:/WINDOWS/fonts/NotoSansJP-VF.ttf,true,false,Noto Sans JP,\setmainjfont{Noto Sans JP}
Noto Sans JP,Medium,C:/WINDOWS/fonts/NotoSansJP-VF.ttf,true,false,Noto Sans JP,\setmainjfont{Noto Sans JP}
Noto Sans JP,Medium,C:/WINDOWS/fonts/NotoSansJP-VariableFont_wght.ttf,true,false,Noto Sans JP,\setmainjfont{Noto Sans JP}
Noto Sans JP,Regular,C:/WINDOWS/fonts/NotoSansJP-VF.ttf,true,false,Noto Sans JP,\setmainjfont{Noto Sans JP}
Noto Sans JP,Regular,C:/WINDOWS/fonts/NotoSansJP-VariableFont_wght.ttf,true,false,Noto Sans JP,\setmainjfont{Noto Sans JP}
Noto Sans JP,SemiBold,C:/WINDOWS/fonts/NotoSansJP-VariableFont_wght.ttf,true,false,Noto Sans JP,\setmainjfont{Noto Sans JP}
Noto Sans JP,Thin,C:/WINDOWS/fonts/NotoSansJP-VariableFont_wght.ttf,true,false,Noto Sans JP,\setmainjfont{Noto Sans JP}
Noto Sans JP,Thin,C:/WINDOWS/fonts/NotoSansJP-VF.ttf,true,false,Noto Sans JP,\setmainjfont{Noto Sans JP}
Noto Serif JP,Black,C:/WINDOWS/fonts/NotoSerifJP-VF.ttf,true,false,Noto Serif JP,\setmainjfont{Noto Serif JP}
Noto Serif JP,Black,C:/WINDOWS/fonts/NotoSerifJP-Black.otf,true,false,Noto Serif JP,\setmainjfont{Noto Serif JP}
Noto Serif JP,Bold,C:/WINDOWS/fonts/NotoSerifJP-Bold.otf,true,false,Noto Serif JP,\setmainjfont{Noto Serif JP}
Noto Serif JP,Bold,C:/WINDOWS/fonts/NotoSerifJP-VF.ttf,true,false,Noto Serif JP,\setmainjfont{Noto Serif JP}
Noto Serif JP,ExtraLight,C:/WINDOWS/fonts/NotoSerifJP-ExtraLight.otf,true,false,Noto Serif JP,\setmainjfont{Noto Serif JP}
Noto Serif JP,ExtraLight,C:/WINDOWS/fonts/NotoSerifJP-VF.ttf,true,false,Noto Serif JP,\setmainjfont{Noto Serif JP}
Noto Serif JP,Light,C:/WINDOWS/fonts/NotoSerifJP-VF.ttf,true,false,Noto Serif JP,\setmainjfont{Noto Serif JP}
Noto Serif JP,Light,C:/WINDOWS/fonts/NotoSerifJP-Light.otf,true,false,Noto Serif JP,\setmainjfont{Noto Serif JP}
Noto Serif JP,Medium,C:/WINDOWS/fonts/NotoSerifJP-Medium.otf,true,false,Noto Serif JP,\setmainjfont{Noto Serif JP}
Noto Serif JP,Medium,C:/WINDOWS/fonts/NotoSerifJP-VF.ttf,true,false,Noto Serif JP,\setmainjfont{Noto Serif JP}
Noto Serif JP,Regular,C:/WINDOWS/fonts/NotoSerifJP-VF.ttf,true,false,Noto Serif JP,\setmainjfont{Noto Serif JP}
Noto Serif JP,Regular,C:/WINDOWS/fonts/NotoSerifJP-Regular.otf,true,false,Noto Serif JP,\setmainjfont{Noto Serif JP}
Noto Serif JP,SemiBold,C:/WINDOWS/fonts/NotoSerifJP-VF.ttf,true,false,Noto Serif JP,\setmainjfont{Noto Serif JP}
Noto Serif JP,SemiBold,C:/WINDOWS/fonts/NotoSerifJP-SemiBold.otf,true,false,Noto Serif JP,\setmainjfont{Noto Serif JP}
PlemolJP,Bold,C:/WINDOWS/fonts/PlemolJP-Bold.ttf,true,false,PlemolJP,\setmainjfont{PlemolJP}
PlemolJP,Bold Italic,C:/WINDOWS/fonts/PlemolJP-BoldItalic.ttf,true,false,PlemolJP,\setmainjfont{PlemolJP}
PlemolJP,ExtraLight,C:/WINDOWS/fonts/PlemolJP-ExtraLight.ttf,true,false,PlemolJP,\setmainjfont{PlemolJP}
PlemolJP,ExtraLight Italic,C:/WINDOWS/fonts/PlemolJP-ExtraLightItalic.ttf,true,false,PlemolJP,\setmainjfont{PlemolJP}
PlemolJP,Italic,C:/WINDOWS/fonts/PlemolJP-Italic.ttf,true,false,PlemolJP,\setmainjfont{PlemolJP}
PlemolJP,Light,C:/WINDOWS/fonts/PlemolJP-Light.ttf,true,false,PlemolJP,\setmainjfont{PlemolJP}
PlemolJP,Light Italic,C:/WINDOWS/fonts/PlemolJP-LightItalic.ttf,true,false,PlemolJP,\setmainjfont{PlemolJP}
PlemolJP,Medium,C:/WINDOWS/fonts/PlemolJP-Medium.ttf,true,false,PlemolJP,\setmainjfont{PlemolJP}
PlemolJP,Medium Italic,C:/WINDOWS/fonts/PlemolJP-MediumItalic.ttf,true,false,PlemolJP,\setmainjfont{PlemolJP}
PlemolJP,Regular,C:/WINDOWS/fonts/PlemolJP-Regular.ttf,true,false,PlemolJP,\setmainjfont{PlemolJP}
PlemolJP,SemiBold,C:/WINDOWS/fonts/PlemolJP-SemiBold.ttf,true,false,PlemolJP,\setmainjfont{PlemolJP}
PlemolJP,SemiBold Italic,C:/WINDOWS/fonts/PlemolJP-SemiBoldItalic.ttf,true,false,PlemolJP,\setmainjfont{PlemolJP}
PlemolJP,Text,C:/WINDOWS/fonts/PlemolJP-Text.ttf,true,false,PlemolJP,\setmainjfont{PlemolJP}
PlemolJP,Text Italic,C:/WINDOWS/fonts/PlemolJP-TextItalic.ttf,true,false,PlemolJP,\setmainjfont{PlemolJP}
PlemolJP,Thin,C:/WINDOWS/fonts/PlemolJP-Thin.ttf,true,false,PlemolJP,\setmainjfont{PlemolJP}
PlemolJP,Thin Italic,C:/WINDOWS/fonts/PlemolJP-ThinItalic.ttf,true,false,PlemolJP,\setmainjfont{PlemolJP}
PlemolJP Console,Bold,C:/WINDOWS/fonts/PlemolJPConsole-Bold.ttf,true,false,PlemolJP Console,\setmainjfont{PlemolJP Console}
PlemolJP Console,Bold Italic,C:/WINDOWS/fonts/PlemolJPConsole-BoldItalic.ttf,true,false,PlemolJP Console,\setmainjfont{PlemolJP Console}
PlemolJP Console,ExtraLight,C:/WINDOWS/fonts/PlemolJPConsole-ExtraLight.ttf,true,false,PlemolJP Console,\setmainjfont{PlemolJP Console}
PlemolJP Console,ExtraLight Italic,C:/WINDOWS/fonts/PlemolJPConsole-ExtraLightItalic.ttf,true,false,PlemolJP Console,\setmainjfont{PlemolJP Console}
PlemolJP Console,Italic,C:/WINDOWS/fonts/PlemolJPConsole-Italic.ttf,true,false,PlemolJP Console,\setmainjfont{PlemolJP Console}
PlemolJP Console,Light,C:/WINDOWS/fonts/PlemolJPConsole-Light.ttf,true,false,PlemolJP Console,\setmainjfont{PlemolJP Console}
PlemolJP Console,Light Italic,C:/WINDOWS/fonts/PlemolJPConsole-LightItalic.ttf,true,false,PlemolJP Console,\setmainjfont{PlemolJP Console}
PlemolJP Console,Medium,C:/WINDOWS/fonts/PlemolJPConsole-Medium.ttf,true,false,PlemolJP Console,\setmainjfont{PlemolJP Console}
PlemolJP Console,Medium Italic,C:/WINDOWS/fonts/PlemolJPConsole-MediumItalic.ttf,true,false,PlemolJP Console,\setmainjfont{PlemolJP Console}
PlemolJP Console,Regular,C:/WINDOWS/fonts/PlemolJPConsole-Regular.ttf,true,false,PlemolJP Console,\setmainjfont{PlemolJP Console}
PlemolJP Console,SemiBold,C:/WINDOWS/fonts/PlemolJPConsole-SemiBold.ttf,true,false,PlemolJP Console,\setmainjfont{PlemolJP Console}
PlemolJP Console,SemiBold Italic,C:/WINDOWS/fonts/PlemolJPConsole-SemiBoldItalic.ttf,true,false,PlemolJP Console,\setmainjfont{PlemolJP Console}
PlemolJP Console,Text,C:/WINDOWS/fonts/PlemolJPConsole-Text.ttf,true,false,PlemolJP Console,\setmainjfont{PlemolJP Console}
PlemolJP Console,Text Italic,C:/WINDOWS/fonts/PlemolJPConsole-TextItalic.ttf,true,false,PlemolJP Console,\setmainjfont{PlemolJP Console}
PlemolJP Console,Thin,C:/WINDOWS/fonts/PlemolJPConsole-Thin.ttf,true,false,PlemolJP Console,\setmainjfont{PlemolJP Console}
PlemolJP Console,Thin Italic,C:/WINDOWS/fonts/PlemolJPConsole-ThinItalic.ttf,true,false,PlemolJP Console,\setmainjfont{PlemolJP Console}
PlemolJP Console HS,Bold,C:/WINDOWS/fonts/PlemolJPConsoleHS-Bold.ttf,true,false,PlemolJP Console HS,\setmainjfont{PlemolJP Console HS}
PlemolJP Console HS,Bold Italic,C:/WINDOWS/fonts/PlemolJPConsoleHS-BoldItalic.ttf,true,false,PlemolJP Console HS,\setmainjfont{PlemolJP Console HS}
PlemolJP Console HS,ExtraLight,C:/WINDOWS/fonts/PlemolJPConsoleHS-ExtraLight.ttf,true,false,PlemolJP Console HS,\setmainjfont{PlemolJP Console HS}
PlemolJP Console HS,ExtraLight Italic,C:/WINDOWS/fonts/PlemolJPConsoleHS-ExtraLightItalic.ttf,true,false,PlemolJP Console HS,\setmainjfont{PlemolJP Console HS}
PlemolJP Console HS,Italic,C:/WINDOWS/fonts/PlemolJPConsoleHS-Italic.ttf,true,false,PlemolJP Console HS,\setmainjfont{PlemolJP Console HS}
PlemolJP Console HS,Light,C:/WINDOWS/fonts/PlemolJPConsoleHS-Light.ttf,true,false,PlemolJP Console HS,\setmainjfont{PlemolJP Console HS}
PlemolJP Console HS,Light Italic,C:/WINDOWS/fonts/PlemolJPConsoleHS-LightItalic.ttf,true,false,PlemolJP Console HS,\setmainjfont{PlemolJP Console HS}
PlemolJP Console HS,Medium,C:/WINDOWS/fonts/PlemolJPConsoleHS-Medium.ttf,true,false,PlemolJP Console HS,\setmainjfont{PlemolJP Console HS}
PlemolJP Console HS,Medium Italic,C:/WINDOWS/fonts/PlemolJPConsoleHS-MediumItalic.ttf,true,false,PlemolJP Console HS,\setmainjfont{PlemolJP Console HS}
PlemolJP Console HS,Regular,C:/WINDOWS/fonts/PlemolJPConsoleHS-Regular.ttf,true,false,PlemolJP Console HS,\setmainjfont{PlemolJP Console HS}
PlemolJP Console HS,SemiBold,C:/WINDOWS/fonts/PlemolJPConsoleHS-SemiBold.ttf,true,false,PlemolJP Console HS,\setmainjfont{PlemolJP Console HS}
PlemolJP Console HS,SemiBold Italic,C:/WINDOWS/fonts/PlemolJPConsoleHS-SemiBoldItalic.ttf,true,false,PlemolJP Console HS,\setmainjfont{PlemolJP Console HS}
PlemolJP Console HS,Text,C:/WINDOWS/fonts/PlemolJPConsoleHS-Text.ttf,true,false,PlemolJP Console HS,\setmainjfont{PlemolJP Console HS}
PlemolJP Console HS,Text Italic,C:/WINDOWS/fonts/PlemolJPConsoleHS-TextItalic.ttf,true,false,PlemolJP Console HS,\setmainjfont{PlemolJP Console HS}
PlemolJP Console HS,Thin,C:/WINDOWS/fonts/PlemolJPConsoleHS-Thin.ttf,true,false,PlemolJP Console HS,\setmainjfont{PlemolJP Console HS}
PlemolJP Console HS,Thin Italic,C:/WINDOWS/fonts/PlemolJPConsoleHS-ThinItalic.ttf,true,false,PlemolJP Console HS,\setmainjfont{PlemolJP Console HS}
PlemolJP Console NF,Bold,C:/WINDOWS/fonts/PlemolJPConsoleNF-Bold.ttf,true,false,PlemolJP Console NF,\setmainjfont{PlemolJP Console NF}
PlemolJP Console NF,Bold Italic,C:/WINDOWS/fonts/PlemolJPConsoleNF-BoldItalic.ttf,true,false,PlemolJP Console NF,\setmainjfont{PlemolJP Console NF}
PlemolJP Console NF,ExtraLight,C:/WINDOWS/fonts/PlemolJPConsoleNF-ExtraLight.ttf,true,false,PlemolJP Console NF,\setmainjfont{PlemolJP Console NF}
PlemolJP Console NF,ExtraLight Italic,C:/WINDOWS/fonts/PlemolJPConsoleNF-ExtraLightItalic.ttf,true,false,PlemolJP Console NF,\setmainjfont{PlemolJP Console NF}
PlemolJP Console NF,Italic,C:/WINDOWS/fonts/PlemolJPConsoleNF-Italic.ttf,true,false,PlemolJP Console NF,\setmainjfont{PlemolJP Console NF}
PlemolJP Console NF,Light,C:/WINDOWS/fonts/PlemolJPConsoleNF-Light.ttf,true,false,PlemolJP Console NF,\setmainjfont{PlemolJP Console NF}
PlemolJP Console NF,Light Italic,C:/WINDOWS/fonts/PlemolJPConsoleNF-LightItalic.ttf,true,false,PlemolJP Console NF,\setmainjfont{PlemolJP Console NF}
PlemolJP Console NF,Medium,C:/WINDOWS/fonts/PlemolJPConsoleNF-Medium.ttf,true,false,PlemolJP Console NF,\setmainjfont{PlemolJP Console NF}
PlemolJP Console NF,Medium Italic,C:/WINDOWS/fonts/PlemolJPConsoleNF-MediumItalic.ttf,true,false,PlemolJP Console NF,\setmainjfont{PlemolJP Console NF}
PlemolJP Console NF,Regular,C:/WINDOWS/fonts/PlemolJPConsoleNF-Regular.ttf,true,false,PlemolJP Console NF,\setmainjfont{PlemolJP Console NF}
PlemolJP Console NF,SemiBold,C:/WINDOWS/fonts/PlemolJPConsoleNF-SemiBold.ttf,true,false,PlemolJP Console NF,\setmainjfont{PlemolJP Console NF}
PlemolJP Console NF,SemiBold Italic,C:/WINDOWS/fonts/PlemolJPConsoleNF-SemiBoldItalic.ttf,true,false,PlemolJP Console NF,\setmainjfont{PlemolJP Console NF}
PlemolJP Console NF,Text,C:/WINDOWS/fonts/PlemolJPConsoleNF-Text.ttf,true,false,PlemolJP Console NF,\setmainjfont{PlemolJP Console NF}
PlemolJP Console NF,Text Italic,C:/WINDOWS/fonts/PlemolJPConsoleNF-TextItalic.ttf,true,false,PlemolJP Console NF,\setmainjfont{PlemolJP Console NF}
PlemolJP Console NF,Thin,C:/WINDOWS/fonts/PlemolJPConsoleNF-Thin.ttf,true,false,PlemolJP Console NF,\setmainjfont{PlemolJP Console NF}
PlemolJP Console NF,Thin Italic,C:/WINDOWS/fonts/PlemolJPConsoleNF-ThinItalic.ttf,true,false,PlemolJP Console NF,\setmainjfont{PlemolJP Console NF}
PlemolJP HS,Bold,C:/WINDOWS/fonts/PlemolJPHS-Bold.ttf,true,false,PlemolJP HS,\setmainjfont{PlemolJP HS}
PlemolJP HS,Bold Italic,C:/WINDOWS/fonts/PlemolJPHS-BoldItalic.ttf,true,false,PlemolJP HS,\setmainjfont{PlemolJP HS}
PlemolJP HS,ExtraLight,C:/WINDOWS/fonts/PlemolJPHS-ExtraLight.ttf,true,false,PlemolJP HS,\setmainjfont{PlemolJP HS}
PlemolJP HS,ExtraLight Italic,C:/WINDOWS/fonts/PlemolJPHS-ExtraLightItalic.ttf,true,false,PlemolJP HS,\setmainjfont{PlemolJP HS}
PlemolJP HS,Italic,C:/WINDOWS/fonts/PlemolJPHS-Italic.ttf,true,false,PlemolJP HS,\setmainjfont{PlemolJP HS}
PlemolJP HS,Light,C:/WINDOWS/fonts/PlemolJPHS-Light.ttf,true,false,PlemolJP HS,\setmainjfont{PlemolJP HS}
PlemolJP HS,Light Italic,C:/WINDOWS/fonts/PlemolJPHS-LightItalic.ttf,true,false,PlemolJP HS,\setmainjfont{PlemolJP HS}
PlemolJP HS,Medium,C:/WINDOWS/fonts/PlemolJPHS-Medium.ttf,true,false,PlemolJP HS,\setmainjfont{PlemolJP HS}
PlemolJP HS,Medium Italic,C:/WINDOWS/fonts/PlemolJPHS-MediumItalic.ttf,true,false,PlemolJP HS,\setmainjfont{PlemolJP HS}
PlemolJP HS,Regular,C:/WINDOWS/fonts/PlemolJPHS-Regular.ttf,true,false,PlemolJP HS,\setmainjfont{PlemolJP HS}
PlemolJP HS,SemiBold,C:/WINDOWS/fonts/PlemolJPHS-SemiBold.ttf,true,false,PlemolJP HS,\setmainjfont{PlemolJP HS}
PlemolJP HS,SemiBold Italic,C:/WINDOWS/fonts/PlemolJPHS-SemiBoldItalic.ttf,true,false,PlemolJP HS,\setmainjfont{PlemolJP HS}
PlemolJP HS,Text,C:/WINDOWS/fonts/PlemolJPHS-Text.ttf,true,false,PlemolJP HS,\setmainjfont{PlemolJP HS}
PlemolJP HS,Text Italic,C:/WINDOWS/fonts/PlemolJPHS-TextItalic.ttf,true,false,PlemolJP HS,\setmainjfont{PlemolJP HS}
PlemolJP HS,Thin,C:/WINDOWS/fonts/PlemolJPHS-Thin.ttf,true,false,PlemolJP HS,\setmainjfont{PlemolJP HS}
PlemolJP HS,Thin Italic,C:/WINDOWS/fonts/PlemolJPHS-ThinItalic.ttf,true,false,PlemolJP HS,\setmainjfont{PlemolJP HS}
PlemolJP35,Bold,C:/WINDOWS/fonts/PlemolJP35-Bold.ttf,true,false,PlemolJP35,\setmainjfont{PlemolJP35}
PlemolJP35,Bold Italic,C:/WINDOWS/fonts/PlemolJP35-BoldItalic.ttf,true,false,PlemolJP35,\setmainjfont{PlemolJP35}
PlemolJP35,ExtraLight,C:/WINDOWS/fonts/PlemolJP35-ExtraLight.ttf,true,false,PlemolJP35,\setmainjfont{PlemolJP35}
PlemolJP35,ExtraLight Italic,C:/WINDOWS/fonts/PlemolJP35-ExtraLightItalic.ttf,true,false,PlemolJP35,\setmainjfont{PlemolJP35}
PlemolJP35,Italic,C:/WINDOWS/fonts/PlemolJP35-Italic.ttf,true,false,PlemolJP35,\setmainjfont{PlemolJP35}
PlemolJP35,Light,C:/WINDOWS/fonts/PlemolJP35-Light.ttf,true,false,PlemolJP35,\setmainjfont{PlemolJP35}
PlemolJP35,Light Italic,C:/WINDOWS/fonts/PlemolJP35-LightItalic.ttf,true,false,PlemolJP35,\setmainjfont{PlemolJP35}
PlemolJP35,Medium,C:/WINDOWS/fonts/PlemolJP35-Medium.ttf,true,false,PlemolJP35,\setmainjfont{PlemolJP35}
PlemolJP35,Medium Italic,C:/WINDOWS/fonts/PlemolJP35-MediumItalic.ttf,true,false,PlemolJP35,\setmainjfont{PlemolJP35}
PlemolJP35,Regular,C:/WINDOWS/fonts/PlemolJP35-Regular.ttf,true,false,PlemolJP35,\setmainjfont{PlemolJP35}
PlemolJP35,SemiBold,C:/WINDOWS/fonts/PlemolJP35-SemiBold.ttf,true,false,PlemolJP35,\setmainjfont{PlemolJP35}
PlemolJP35,SemiBold Italic,C:/WINDOWS/fonts/PlemolJP35-SemiBoldItalic.ttf,true,false,PlemolJP35,\setmainjfont{PlemolJP35}
PlemolJP35,Text,C:/WINDOWS/fonts/PlemolJP35-Text.ttf,true,false,PlemolJP35,\setmainjfont{PlemolJP35}
PlemolJP35,Text Italic,C:/WINDOWS/fonts/PlemolJP35-TextItalic.ttf,true,false,PlemolJP35,\setmainjfont{PlemolJP35}
PlemolJP35,Thin,C:/WINDOWS/fonts/PlemolJP35-Thin.ttf,true,false,PlemolJP35,\setmainjfont{PlemolJP35}
PlemolJP35,Thin Italic,C:/WINDOWS/fonts/PlemolJP35-ThinItalic.ttf,true,false,PlemolJP35,\setmainjfont{PlemolJP35}
PlemolJP35 Console,Bold,C:/WINDOWS/fonts/PlemolJP35Console-Bold.ttf,true,false,PlemolJP35 Console,\setmainjfont{PlemolJP35 Console}
PlemolJP35 Console,Bold Italic,C:/WINDOWS/fonts/PlemolJP35Console-BoldItalic.ttf,true,false,PlemolJP35 Console,\setmainjfont{PlemolJP35 Console}
PlemolJP35 Console,ExtraLight,C:/WINDOWS/fonts/PlemolJP35Console-ExtraLight.ttf,true,false,PlemolJP35 Console,\setmainjfont{PlemolJP35 Console}
PlemolJP35 Console,ExtraLight Italic,C:/WINDOWS/fonts/PlemolJP35Console-ExtraLightItalic.ttf,true,false,PlemolJP35 Console,\setmainjfont{PlemolJP35 Console}
PlemolJP35 Console,Italic,C:/WINDOWS/fonts/PlemolJP35Console-Italic.ttf,true,false,PlemolJP35 Console,\setmainjfont{PlemolJP35 Console}
PlemolJP35 Console,Light,C:/WINDOWS/fonts/PlemolJP35Console-Light.ttf,true,false,PlemolJP35 Console,\setmainjfont{PlemolJP35 Console}
PlemolJP35 Console,Light Italic,C:/WINDOWS/fonts/PlemolJP35Console-LightItalic.ttf,true,false,PlemolJP35 Console,\setmainjfont{PlemolJP35 Console}
PlemolJP35 Console,Medium,C:/WINDOWS/fonts/PlemolJP35Console-Medium.ttf,true,false,PlemolJP35 Console,\setmainjfont{PlemolJP35 Console}
PlemolJP35 Console,Medium Italic,C:/WINDOWS/fonts/PlemolJP35Console-MediumItalic.ttf,true,false,PlemolJP35 Console,\setmainjfont{PlemolJP35 Console}
PlemolJP35 Console,Regular,C:/WINDOWS/fonts/PlemolJP35Console-Regular.ttf,true,false,PlemolJP35 Console,\setmainjfont{PlemolJP35 Console}
PlemolJP35 Console,SemiBold,C:/WINDOWS/fonts/PlemolJP35Console-SemiBold.ttf,true,false,PlemolJP35 Console,\setmainjfont{PlemolJP35 Console}
PlemolJP35 Console,SemiBold Italic,C:/WINDOWS/fonts/PlemolJP35Console-SemiBoldItalic.ttf,true,false,PlemolJP35 Console,\setmainjfont{PlemolJP35 Console}
PlemolJP35 Console,Text,C:/WINDOWS/fonts/PlemolJP35Console-Text.ttf,true,false,PlemolJP35 Console,\setmainjfont{PlemolJP35 Console}
PlemolJP35 Console,Text Italic,C:/WINDOWS/fonts/PlemolJP35Console-TextItalic.ttf,true,false,PlemolJP35 Console,\setmainjfont{PlemolJP35 Console}
PlemolJP35 Console,Thin,C:/WINDOWS/fonts/PlemolJP35Console-Thin.ttf,true,false,PlemolJP35 Console,\setmainjfont{PlemolJP35 Console}
PlemolJP35 Console,Thin Italic,C:/WINDOWS/fonts/PlemolJP35Console-ThinItalic.ttf,true,false,PlemolJP35 Console,\setmainjfont{PlemolJP35 Console}
PlemolJP35 Console HS,Bold,C:/WINDOWS/fonts/PlemolJP35ConsoleHS-Bold.ttf,true,false,PlemolJP35 Console HS,\setmainjfont{PlemolJP35 Console HS}
PlemolJP35 Console HS,Bold Italic,C:/WINDOWS/fonts/PlemolJP35ConsoleHS-BoldItalic.ttf,true,false,PlemolJP35 Console HS,\setmainjfont{PlemolJP35 Console HS}
PlemolJP35 Console HS,ExtraLight,C:/WINDOWS/fonts/PlemolJP35ConsoleHS-ExtraLight.ttf,true,false,PlemolJP35 Console HS,\setmainjfont{PlemolJP35 Console HS}
PlemolJP35 Console HS,ExtraLight Italic,C:/WINDOWS/fonts/PlemolJP35ConsoleHS-ExtraLightItalic.ttf,true,false,PlemolJP35 Console HS,\setmainjfont{PlemolJP35 Console HS}
PlemolJP35 Console HS,Italic,C:/WINDOWS/fonts/PlemolJP35ConsoleHS-Italic.ttf,true,false,PlemolJP35 Console HS,\setmainjfont{PlemolJP35 Console HS}
PlemolJP35 Console HS,Light,C:/WINDOWS/fonts/PlemolJP35ConsoleHS-Light.ttf,true,false,PlemolJP35 Console HS,\setmainjfont{PlemolJP35 Console HS}
PlemolJP35 Console HS,Light Italic,C:/WINDOWS/fonts/PlemolJP35ConsoleHS-LightItalic.ttf,true,false,PlemolJP35 Console HS,\setmainjfont{PlemolJP35 Console HS}
PlemolJP35 Console HS,Medium,C:/WINDOWS/fonts/PlemolJP35ConsoleHS-Medium.ttf,true,false,PlemolJP35 Console HS,\setmainjfont{PlemolJP35 Console HS}
PlemolJP35 Console HS,Medium Italic,C:/WINDOWS/fonts/PlemolJP35ConsoleHS-MediumItalic.ttf,true,false,PlemolJP35 Console HS,\setmainjfont{PlemolJP35 Console HS}
PlemolJP35 Console HS,Regular,C:/WINDOWS/fonts/PlemolJP35ConsoleHS-Regular.ttf,true,false,PlemolJP35 Console HS,\setmainjfont{PlemolJP35 Console HS}
PlemolJP35 Console HS,SemiBold,C:/WINDOWS/fonts/PlemolJP35ConsoleHS-SemiBold.ttf,true,false,PlemolJP35 Console HS,\setmainjfont{PlemolJP35 Console HS}
PlemolJP35 Console HS,SemiBold Italic,C:/WINDOWS/fonts/PlemolJP35ConsoleHS-SemiBoldItalic.ttf,true,false,PlemolJP35 Console HS,\setmainjfont{PlemolJP35 Console HS}
PlemolJP35 Console HS,Text,C:/WINDOWS/fonts/PlemolJP35ConsoleHS-Text.ttf,true,false,PlemolJP35 Console HS,\setmainjfont{PlemolJP35 Console HS}
PlemolJP35 Console HS,Text Italic,C:/WINDOWS/fonts/PlemolJP35ConsoleHS-TextItalic.ttf,true,false,PlemolJP35 Console HS,\setmainjfont{PlemolJP35 Console HS}
PlemolJP35 Console HS,Thin,C:/WINDOWS/fonts/PlemolJP35ConsoleHS-Thin.ttf,true,false,PlemolJP35 Console HS,\setmainjfont{PlemolJP35 Console HS}
PlemolJP35 Console HS,Thin Italic,C:/WINDOWS/fonts/PlemolJP35ConsoleHS-ThinItalic.ttf,true,false,PlemolJP35 Console HS,\setmainjfont{PlemolJP35 Console HS}
PlemolJP35 Console NF,Bold,C:/WINDOWS/fonts/PlemolJP35ConsoleNF-Bold.ttf,true,false,PlemolJP35 Console NF,\setmainjfont{PlemolJP35 Console NF}
PlemolJP35 Console NF,Bold Italic,C:/WINDOWS/fonts/PlemolJP35ConsoleNF-BoldItalic.ttf,true,false,PlemolJP35 Console NF,\setmainjfont{PlemolJP35 Console NF}
PlemolJP35 Console NF,ExtraLight,C:/WINDOWS/fonts/PlemolJP35ConsoleNF-ExtraLight.ttf,true,false,PlemolJP35 Console NF,\setmainjfont{PlemolJP35 Console NF}
PlemolJP35 Console NF,ExtraLight Italic,C:/WINDOWS/fonts/PlemolJP35ConsoleNF-ExtraLightItalic.ttf,true,false,PlemolJP35 Console NF,\setmainjfont{PlemolJP35 Console NF}
PlemolJP35 Console NF,Italic,C:/WINDOWS/fonts/PlemolJP35ConsoleNF-Italic.ttf,true,false,PlemolJP35 Console NF,\setmainjfont{PlemolJP35 Console NF}
PlemolJP35 Console NF,Light,C:/WINDOWS/fonts/PlemolJP35ConsoleNF-Light.ttf,true,false,PlemolJP35 Console NF,\setmainjfont{PlemolJP35 Console NF}
PlemolJP35 Console NF,Light Italic,C:/WINDOWS/fonts/PlemolJP35ConsoleNF-LightItalic.ttf,true,false,PlemolJP35 Console NF,\setmainjfont{PlemolJP35 Console NF}
PlemolJP35 Console NF,Medium,C:/WINDOWS/fonts/PlemolJP35ConsoleNF-Medium.ttf,true,false,PlemolJP35 Console NF,\setmainjfont{PlemolJP35 Console NF}
PlemolJP35 Console NF,Medium Italic,C:/WINDOWS/fonts/PlemolJP35ConsoleNF-MediumItalic.ttf,true,false,PlemolJP35 Console NF,\setmainjfont{PlemolJP35 Console NF}
PlemolJP35 Console NF,Regular,C:/WINDOWS/fonts/PlemolJP35ConsoleNF-Regular.ttf,true,false,PlemolJP35 Console NF,\setmainjfont{PlemolJP35 Console NF}
PlemolJP35 Console NF,SemiBold,C:/WINDOWS/fonts/PlemolJP35ConsoleNF-SemiBold.ttf,true,false,PlemolJP35 Console NF,\setmainjfont{PlemolJP35 Console NF}
PlemolJP35 Console NF,SemiBold Italic,C:/WINDOWS/fonts/PlemolJP35ConsoleNF-SemiBoldItalic.ttf,true,false,PlemolJP35 Console NF,\setmainjfont{PlemolJP35 Console NF}
PlemolJP35 Console NF,Text,C:/WINDOWS/fonts/PlemolJP35ConsoleNF-Text.ttf,true,false,PlemolJP35 Console NF,\setmainjfont{PlemolJP35 Console NF}
PlemolJP35 Console NF,Text Italic,C:/WINDOWS/fonts/PlemolJP35ConsoleNF-TextItalic.ttf,true,false,PlemolJP35 Console NF,\setmainjfont{PlemolJP35 Console NF}
PlemolJP35 Console NF,Thin,C:/WINDOWS/fonts/PlemolJP35ConsoleNF-Thin.ttf,true,false,PlemolJP35 Console NF,\setmainjfont{PlemolJP35 Console NF}
PlemolJP35 Console NF,Thin Italic,C:/WINDOWS/fonts/PlemolJP35ConsoleNF-ThinItalic.ttf,true,false,PlemolJP35 Console NF,\setmainjfont{PlemolJP35 Console NF}
PlemolJP35 HS,Bold,C:/WINDOWS/fonts/PlemolJP35HS-Bold.ttf,true,false,PlemolJP35 HS,\setmainjfont{PlemolJP35 HS}
PlemolJP35 HS,Bold Italic,C:/WINDOWS/fonts/PlemolJP35HS-BoldItalic.ttf,true,false,PlemolJP35 HS,\setmainjfont{PlemolJP35 HS}
PlemolJP35 HS,ExtraLight,C:/WINDOWS/fonts/PlemolJP35HS-ExtraLight.ttf,true,false,PlemolJP35 HS,\setmainjfont{PlemolJP35 HS}
PlemolJP35 HS,ExtraLight Italic,C:/WINDOWS/fonts/PlemolJP35HS-ExtraLightItalic.ttf,true,false,PlemolJP35 HS,\setmainjfont{PlemolJP35 HS}
PlemolJP35 HS,Italic,C:/WINDOWS/fonts/PlemolJP35HS-Italic.ttf,true,false,PlemolJP35 HS,\setmainjfont{PlemolJP35 HS}
PlemolJP35 HS,Light,C:/WINDOWS/fonts/PlemolJP35HS-Light.ttf,true,false,PlemolJP35 HS,\setmainjfont{PlemolJP35 HS}
PlemolJP35 HS,Light Italic,C:/WINDOWS/fonts/PlemolJP35HS-LightItalic.ttf,true,false,PlemolJP35 HS,\setmainjfont{PlemolJP35 HS}
PlemolJP35 HS,Medium,C:/WINDOWS/fonts/PlemolJP35HS-Medium.ttf,true,false,PlemolJP35 HS,\setmainjfont{PlemolJP35 HS}
PlemolJP35 HS,Medium Italic,C:/WINDOWS/fonts/PlemolJP35HS-MediumItalic.ttf,true,false,PlemolJP35 HS,\setmainjfont{PlemolJP35 HS}
PlemolJP35 HS,Regular,C:/WINDOWS/fonts/PlemolJP35HS-Regular.ttf,true,false,PlemolJP35 HS,\setmainjfont{PlemolJP35 HS}
PlemolJP35 HS,SemiBold,C:/WINDOWS/fonts/PlemolJP35HS-SemiBold.ttf,true,false,PlemolJP35 HS,\setmainjfont{PlemolJP35 HS}
PlemolJP35 HS,SemiBold Italic,C:/WINDOWS/fonts/PlemolJP35HS-SemiBoldItalic.ttf,true,false,PlemolJP35 HS,\setmainjfont{PlemolJP35 HS}
PlemolJP35 HS,Text,C:/WINDOWS/fonts/PlemolJP35HS-Text.ttf,true,false,PlemolJP35 HS,\setmainjfont{PlemolJP35 HS}
PlemolJP35 HS,Text Italic,C:/WINDOWS/fonts/PlemolJP35HS-TextItalic.ttf,true,false,PlemolJP35 HS,\setmainjfont{PlemolJP35 HS}
PlemolJP35 HS,Thin,C:/WINDOWS/fonts/PlemolJP35HS-Thin.ttf,true,false,PlemolJP35 HS,\setmainjfont{PlemolJP35 HS}
PlemolJP35 HS,Thin Italic,C:/WINDOWS/fonts/PlemolJP35HS-ThinItalic.ttf,true,false,PlemolJP35 HS,\setmainjfont{PlemolJP35 HS}
Satsuki Gendai Mincho,Medium,C:/WINDOWS/fonts/SatsukiGendaiMincho-M.ttf,true,false,Satsuki Gendai Mincho,\setmainjfont{Satsuki Gendai Mincho}
Shippori Mincho,Bold,C:/WINDOWS/fonts/ShipporiMincho-Bold.ttf,true,false,Shippori Mincho,\setmainjfont{Shippori Mincho}
Shippori Mincho,ExtraBold,C:/WINDOWS/fonts/ShipporiMincho-ExtraBold.ttf,true,false,Shippori Mincho,\setmainjfont{Shippori Mincho}
Shippori Mincho,Medium,C:/WINDOWS/fonts/ShipporiMincho-Medium.ttf,true,false,Shippori Mincho,\setmainjfont{Shippori Mincho}
Shippori Mincho,Regular,C:/WINDOWS/fonts/ShipporiMincho-Regular.ttf,true,false,Shippori Mincho,\setmainjfont{Shippori Mincho}
Shippori Mincho,SemiBold,C:/WINDOWS/fonts/ShipporiMincho-SemiBold.ttf,true,false,Shippori Mincho,\setmainjfont{Shippori Mincho}
Shippori Mincho B1,Bold,C:/WINDOWS/fonts/ShipporiMinchoB1-Bold.ttf,true,false,Shippori Mincho B1,\setmainjfont{Shippori Mincho B1}
Shippori Mincho B1,ExtraBold,C:/WINDOWS/fonts/ShipporiMinchoB1-ExtraBold.ttf,true,false,Shippori Mincho B1,\setmainjfont{Shippori Mincho B1}
Shippori Mincho B1,Medium,C:/WINDOWS/fonts/ShipporiMinchoB1-Medium.ttf,true,false,Shippori Mincho B1,\setmainjfont{Shippori Mincho B1}
Shippori Mincho B1,Regular,C:/WINDOWS/fonts/ShipporiMinchoB1-Regular.ttf,true,false,Shippori Mincho B1,\setmainjfont{Shippori Mincho B1}
Shippori Mincho B1,SemiBold,C:/WINDOWS/fonts/ShipporiMinchoB1-SemiBold.ttf,true,false,Shippori Mincho B1,\setmainjfont{Shippori Mincho B1}
Showcard Gothic,Regular,C:/WINDOWS/fonts/SHOWG.TTF,true,false,Showcard Gothic,\setmainjfont{Showcard Gothic}
Source Han Code JP,B,C:/WINDOWS/fonts/SourceHanCodeJP.ttc,true,false,Source Han Code JP,\setmainjfont{Source Han Code JP}
Source Han Code JP,B It,C:/WINDOWS/fonts/SourceHanCodeJP.ttc,true,false,Source Han Code JP,\setmainjfont{Source Han Code JP}
Source Han Code JP,EL,C:/WINDOWS/fonts/SourceHanCodeJP.ttc,true,false,Source Han Code JP,\setmainjfont{Source Han Code JP}
Source Han Code JP,EL It,C:/WINDOWS/fonts/SourceHanCodeJP.ttc,true,false,Source Han Code JP,\setmainjfont{Source Han Code JP}
Source Han Code JP,H,C:/WINDOWS/fonts/SourceHanCodeJP.ttc,true,false,Source Han Code JP,\setmainjfont{Source Han Code JP}
Source Han Code JP,H It,C:/WINDOWS/fonts/SourceHanCodeJP.ttc,true,false,Source Han Code JP,\setmainjfont{Source Han Code JP}
Source Han Code JP,L,C:/WINDOWS/fonts/SourceHanCodeJP.ttc,true,false,Source Han Code JP,\setmainjfont{Source Han Code JP}
Source Han Code JP,L It,C:/WINDOWS/fonts/SourceHanCodeJP.ttc,true,false,Source Han Code JP,\setmainjfont{Source Han Code JP}
Source Han Code JP,M,C:/WINDOWS/fonts/SourceHanCodeJP.ttc,true,false,Source Han Code JP,\setmainjfont{Source Han Code JP}
Source Han Code JP,M It,C:/WINDOWS/fonts/SourceHanCodeJP.ttc,true,false,Source Han Code JP,\setmainjfont{Source Han Code JP}
Source Han Code JP,N,C:/WINDOWS/fonts/SourceHanCodeJP.ttc,true,false,Source Han Code JP,\setmainjfont{Source Han Code JP}
Source Han Code JP,N It,C:/WINDOWS/fonts/SourceHanCodeJP.ttc,true,false,Source Han Code JP,\setmainjfont{Source Han Code JP}
Source Han Code JP,R,C:/WINDOWS/fonts/SourceHanCodeJP.ttc,true,false,Source Han Code JP,\setmainjfont{Source Han Code JP}
Source Han Code JP,R It,C:/WINDOWS/fonts/SourceHanCodeJP.ttc,true,false,Source Han Code JP,\setmainjfont{Source Han Code JP}
TogeMaru Gothic,Black,C:/WINDOWS/fonts/TogeMaruGothic-900-Black.ttf,true,false,TogeMaru Gothic,\setmainjfont{TogeMaru Gothic}
TogeMaru Gothic,Bold,C:/WINDOWS/fonts/TogeMaruGothic-700-Bold.ttf,true,false,TogeMaru Gothic,\setmainjfont{TogeMaru Gothic}
TogeMaru Gothic,Heavy,C:/WINDOWS/fonts/TogeMaruGothic-800-Heavy.ttf,true,false,TogeMaru Gothic,\setmainjfont{TogeMaru Gothic}
TogeMaru Gothic,Light,C:/WINDOWS/fonts/TogeMaruGothic-300-Light.ttf,true,false,TogeMaru Gothic,\setmainjfont{TogeMaru Gothic}
TogeMaru Gothic,Medium,C:/WINDOWS/fonts/TogeMaruGothic-600-Medium.ttf,true,false,TogeMaru Gothic,\setmainjfont{TogeMaru Gothic}
TogeMaru Gothic,Regular,C:/WINDOWS/fonts/TogeMaruGothic-400-Regular.ttf,true,false,TogeMaru Gothic,\setmainjfont{TogeMaru Gothic}
TogeMaru Gothic,Thin,C:/WINDOWS/fonts/TogeMaruGothic-200-Thin.ttf,true,false,TogeMaru Gothic,\setmainjfont{TogeMaru Gothic}
UDEV Gothic,Bold,C:/WINDOWS/fonts/UDEVGothic-Bold.ttf,true,false,UDEV Gothic,\setmainjfont{UDEV Gothic}
UDEV Gothic,Bold Italic,C:/WINDOWS/fonts/UDEVGothic-BoldItalic.ttf,true,false,UDEV Gothic,\setmainjfont{UDEV Gothic}
UDEV Gothic,Italic,C:/WINDOWS/fonts/UDEVGothic-Italic.ttf,true,false,UDEV Gothic,\setmainjfont{UDEV Gothic}
UDEV Gothic,Regular,C:/WINDOWS/fonts/UDEVGothic-Regular.ttf,true,false,UDEV Gothic,\setmainjfont{UDEV Gothic}
UDEV Gothic 35,Bold,C:/WINDOWS/fonts/UDEVGothic35-Bold.ttf,true,false,UDEV Gothic 35,\setmainjfont{UDEV Gothic 35}
UDEV Gothic 35,Bold Italic,C:/WINDOWS/fonts/UDEVGothic35-BoldItalic.ttf,true,false,UDEV Gothic 35,\setmainjfont{UDEV Gothic 35}
UDEV Gothic 35,Italic,C:/WINDOWS/fonts/UDEVGothic35-Italic.ttf,true,false,UDEV Gothic 35,\setmainjfont{UDEV Gothic 35}
UDEV Gothic 35,Regular,C:/WINDOWS/fonts/UDEVGothic35-Regular.ttf,true,false,UDEV Gothic 35,\setmainjfont{UDEV Gothic 35}
UDEV Gothic 35JPDOC,Bold,C:/WINDOWS/fonts/UDEVGothic35JPDOC-Bold.ttf,true,false,UDEV Gothic 35JPDOC,\setmainjfont{UDEV Gothic 35JPDOC}
UDEV Gothic 35JPDOC,Bold Italic,C:/WINDOWS/fonts/UDEVGothic35JPDOC-BoldItalic.ttf,true,false,UDEV Gothic 35JPDOC,\setmainjfont{UDEV Gothic 35JPDOC}
UDEV Gothic 35JPDOC,Italic,C:/WINDOWS/fonts/UDEVGothic35JPDOC-Italic.ttf,true,false,UDEV Gothic 35JPDOC,\setmainjfont{UDEV Gothic 35JPDOC}
UDEV Gothic 35JPDOC,Regular,C:/WINDOWS/fonts/UDEVGothic35JPDOC-Regular.ttf,true,false,UDEV Gothic 35JPDOC,\setmainjfont{UDEV Gothic 35JPDOC}
UDEV Gothic 35LG,Bold,C:/WINDOWS/fonts/UDEVGothic35LG-Bold.ttf,true,false,UDEV Gothic 35LG,\setmainjfont{UDEV Gothic 35LG}
UDEV Gothic 35LG,Bold Italic,C:/WINDOWS/fonts/UDEVGothic35LG-BoldItalic.ttf,true,false,UDEV Gothic 35LG,\setmainjfont{UDEV Gothic 35LG}
UDEV Gothic 35LG,Italic,C:/WINDOWS/fonts/UDEVGothic35LG-Italic.ttf,true,false,UDEV Gothic 35LG,\setmainjfont{UDEV Gothic 35LG}
UDEV Gothic 35LG,Regular,C:/WINDOWS/fonts/UDEVGothic35LG-Regular.ttf,true,false,UDEV Gothic 35LG,\setmainjfont{UDEV Gothic 35LG}
UDEV Gothic 35NF,Bold,C:/WINDOWS/fonts/UDEVGothic35NF-Bold.ttf,true,false,UDEV Gothic 35NF,\setmainjfont{UDEV Gothic 35NF}
UDEV Gothic 35NF,Bold Italic,C:/WINDOWS/fonts/UDEVGothic35NF-BoldItalic.ttf,true,false,UDEV Gothic 35NF,\setmainjfont{UDEV Gothic 35NF}
UDEV Gothic 35NF,Italic,C:/WINDOWS/fonts/UDEVGothic35NF-Italic.ttf,true,false,UDEV Gothic 35NF,\setmainjfont{UDEV Gothic 35NF}
UDEV Gothic 35NF,Regular,C:/WINDOWS/fonts/UDEVGothic35NF-Regular.ttf,true,false,UDEV Gothic 35NF,\setmainjfont{UDEV Gothic 35NF}
UDEV Gothic 35NFLG,Bold,C:/WINDOWS/fonts/UDEVGothic35NFLG-Bold.ttf,true,false,UDEV Gothic 35NFLG,\setmainjfont{UDEV Gothic 35NFLG}
UDEV Gothic 35NFLG,Bold Italic,C:/WINDOWS/fonts/UDEVGothic35NFLG-BoldItalic.ttf,true,false,UDEV Gothic 35NFLG,\setmainjfont{UDEV Gothic 35NFLG}
UDEV Gothic 35NFLG,Italic,C:/WINDOWS/fonts/UDEVGothic35NFLG-Italic.ttf,true,false,UDEV Gothic 35NFLG,\setmainjfont{UDEV Gothic 35NFLG}
UDEV Gothic 35NFLG,Regular,C:/WINDOWS/fonts/UDEVGothic35NFLG-Regular.ttf,true,false,UDEV Gothic 35NFLG,\setmainjfont{UDEV Gothic 35NFLG}
UDEV Gothic JPDOC,Bold,C:/WINDOWS/fonts/UDEVGothicJPDOC-Bold.ttf,true,false,UDEV Gothic JPDOC,\setmainjfont{UDEV Gothic JPDOC}
UDEV Gothic JPDOC,Bold Italic,C:/WINDOWS/fonts/UDEVGothicJPDOC-BoldItalic.ttf,true,false,UDEV Gothic JPDOC,\setmainjfont{UDEV Gothic JPDOC}
UDEV Gothic JPDOC,Italic,C:/WINDOWS/fonts/UDEVGothicJPDOC-Italic.ttf,true,false,UDEV Gothic JPDOC,\setmainjfont{UDEV Gothic JPDOC}
UDEV Gothic JPDOC,Regular,C:/WINDOWS/fonts/UDEVGothicJPDOC-Regular.ttf,true,false,UDEV Gothic JPDOC,\setmainjfont{UDEV Gothic JPDOC}
UDEV Gothic LG,Bold,C:/WINDOWS/fonts/UDEVGothicLG-Bold.ttf,true,false,UDEV Gothic LG,\setmainjfont{UDEV Gothic LG}
UDEV Gothic LG,Bold Italic,C:/WINDOWS/fonts/UDEVGothicLG-BoldItalic.ttf,true,false,UDEV Gothic LG,\setmainjfont{UDEV Gothic LG}
UDEV Gothic LG,Italic,C:/WINDOWS/fonts/UDEVGothicLG-Italic.ttf,true,false,UDEV Gothic LG,\setmainjfont{UDEV Gothic LG}
UDEV Gothic LG,Regular,C:/WINDOWS/fonts/UDEVGothicLG-Regular.ttf,true,false,UDEV Gothic LG,\setmainjfont{UDEV Gothic LG}
UDEV Gothic NF,Bold,C:/WINDOWS/fonts/UDEVGothicNF-Bold.ttf,true,false,UDEV Gothic NF,\setmainjfont{UDEV Gothic NF}
UDEV Gothic NF,Bold Italic,C:/WINDOWS/fonts/UDEVGothicNF-BoldItalic.ttf,true,false,UDEV Gothic NF,\setmainjfont{UDEV Gothic NF}
UDEV Gothic NF,Italic,C:/WINDOWS/fonts/UDEVGothicNF-Italic.ttf,true,false,UDEV Gothic NF,\setmainjfont{UDEV Gothic NF}
UDEV Gothic NF,Regular,C:/WINDOWS/fonts/UDEVGothicNF-Regular.ttf,true,false,UDEV Gothic NF,\setmainjfont{UDEV Gothic NF}
UDEV Gothic NFLG,Bold,C:/WINDOWS/fonts/UDEVGothicNFLG-Bold.ttf,true,false,UDEV Gothic NFLG,\setmainjfont{UDEV Gothic NFLG}
UDEV Gothic NFLG,Bold Italic,C:/WINDOWS/fonts/UDEVGothicNFLG-BoldItalic.ttf,true,false,UDEV Gothic NFLG,\setmainjfont{UDEV Gothic NFLG}
UDEV Gothic NFLG,Italic,C:/WINDOWS/fonts/UDEVGothicNFLG-Italic.ttf,true,false,UDEV Gothic NFLG,\setmainjfont{UDEV Gothic NFLG}
UDEV Gothic NFLG,Regular,C:/WINDOWS/fonts/UDEVGothicNFLG-Regular.ttf,true,false,UDEV Gothic NFLG,\setmainjfont{UDEV Gothic NFLG}
Ume Gothic,Regular,C:/WINDOWS/fonts/ume-tgo4.ttf,true,false,Ume Gothic,\setmainjfont{Ume Gothic}
Ume Gothic C4,Regular,C:/WINDOWS/fonts/ume-tgc4.ttf,true,false,Ume Gothic C4,\setmainjfont{Ume Gothic C4}
Ume Gothic C5,Medium,C:/WINDOWS/fonts/ume-tgc5.ttf,true,false,Ume Gothic C5,\setmainjfont{Ume Gothic C5}
Ume Gothic O5,Medium,C:/WINDOWS/fonts/ume-tgo5.ttf,true,false,Ume Gothic O5,\setmainjfont{Ume Gothic O5}
Ume Gothic S4,Regular,C:/WINDOWS/fonts/ume-tgs4.ttf,true,false,Ume Gothic S4,\setmainjfont{Ume Gothic S4}
Ume Gothic S5,Medium,C:/WINDOWS/fonts/ume-tgs5.ttf,true,false,Ume Gothic S5,\setmainjfont{Ume Gothic S5}
Ume Hy Gothic,Regular,C:/WINDOWS/fonts/ume-hgo4.ttf,true,false,Ume Hy Gothic,\setmainjfont{Ume Hy Gothic}
Ume Hy Gothic O5,Regular,C:/WINDOWS/fonts/ume-hgo5.ttf,true,false,Ume Hy Gothic O5,\setmainjfont{Ume Hy Gothic O5}
Ume Mincho,Regular,C:/WINDOWS/fonts/ume-tmo3.ttf,true,false,Ume Mincho,\setmainjfont{Ume Mincho}
Ume Mincho S3,Regular,C:/WINDOWS/fonts/ume-tms3.ttf,true,false,Ume Mincho S3,\setmainjfont{Ume Mincho S3}
Ume P Gothic,Regular,C:/WINDOWS/fonts/ume-pgo4.ttf,true,false,Ume P Gothic,\setmainjfont{Ume P Gothic}
Ume P Gothic C4,Regular,C:/WINDOWS/fonts/ume-pgc4.ttf,true,false,Ume P Gothic C4,\setmainjfont{Ume P Gothic C4}
Ume P Gothic C5,Medium,C:/WINDOWS/fonts/ume-pgc5.ttf,true,false,Ume P Gothic C5,\setmainjfont{Ume P Gothic C5}
Ume P Gothic O5,Medium,C:/WINDOWS/fonts/ume-pgo5.ttf,true,false,Ume P Gothic O5,\setmainjfont{Ume P Gothic O5}
Ume P Gothic S4,Regular,C:/WINDOWS/fonts/ume-pgs4.ttf,true,false,Ume P Gothic S4,\setmainjfont{Ume P Gothic S4}
Ume P Gothic S5,Medium,C:/WINDOWS/fonts/ume-pgs5.ttf,true,false,Ume P Gothic S5,\setmainjfont{Ume P Gothic S5}
Ume P Mincho,Regular,C:/WINDOWS/fonts/ume-pmo3.ttf,true,false,Ume P Mincho,\setmainjfont{Ume P Mincho}
Ume P Mincho S3,Regular,C:/WINDOWS/fonts/ume-pms3.ttf,true,false,Ume P Mincho S3,\setmainjfont{Ume P Mincho S3}
Ume UI Gothic,Regular,C:/WINDOWS/fonts/ume-ugo4.ttf,true,false,Ume UI Gothic,\setmainjfont{Ume UI Gothic}
Ume UI Gothic O5,Medium,C:/WINDOWS/fonts/ume-ugo5.ttf,true,false,Ume UI Gothic O5,\setmainjfont{Ume UI Gothic O5}
UniNewsGothic,Medium,C:/WINDOWS/fonts/UniNewsGothic.ttf,true,false,UniNewsGothic,\setmainjfont{UniNewsGothic}
VL Gothic,regular,C:/WINDOWS/fonts/VL-Gothic-Regular.ttf,true,false,VL Gothic,\setmainjfont{VL Gothic}
VL PGothic,regular,C:/WINDOWS/fonts/VL-PGothic-Regular.ttf,true,false,VL PGothic,\setmainjfont{VL PGothic}
Yu Gothic,Bold,C:/WINDOWS/fonts/YuGothB.ttc,true,false,Yu Gothic,\setmainjfont{Yu Gothic}
Yu Gothic,Light,C:/WINDOWS/fonts/YuGothL.ttc,true,false,Yu Gothic,\setmainjfont{Yu Gothic}
Yu Gothic,Medium,C:/WINDOWS/fonts/YuGothM.ttc,true,false,Yu Gothic,\setmainjfont{Yu Gothic}
Yu Gothic,Regular,C:/WINDOWS/fonts/YuGothR.ttc,true,false,Yu Gothic,\setmainjfont{Yu Gothic}
Yu Gothic UI,Bold,C:/WINDOWS/fonts/YuGothB.ttc,true,false,Yu Gothic UI,\setmainjfont{Yu Gothic UI}
Yu Gothic UI,Light,C:/WINDOWS/fonts/YuGothL.ttc,true,false,Yu Gothic UI,\setmainjfont{Yu Gothic UI}
Yu Gothic UI,Regular,C:/WINDOWS/fonts/YuGothM.ttc,true,false,Yu Gothic UI,\setmainjfont{Yu Gothic UI}
Yu Gothic UI,Semibold,C:/WINDOWS/fonts/YuGothB.ttc,true,false,Yu Gothic UI,\setmainjfont{Yu Gothic UI}
Yu Gothic UI,Semilight,C:/WINDOWS/fonts/YuGothR.ttc,true,false,Yu Gothic UI,\setmainjfont{Yu Gothic UI}
Zen Kaku Gothic New,Black,C:/WINDOWS/fonts/ZenKakuGothicNew-Black.ttf,true,false,Zen Kaku Gothic New,\setmainjfont{Zen Kaku Gothic New}
Zen Kaku Gothic New,Bold,C:/WINDOWS/fonts/ZenKakuGothicNew-Bold.ttf,true,false,Zen Kaku Gothic New,\setmainjfont{Zen Kaku Gothic New}
Zen Kaku Gothic New,Light,C:/WINDOWS/fonts/ZenKakuGothicNew-Light.ttf,true,false,Zen Kaku Gothic New,\setmainjfont{Zen Kaku Gothic New}
Zen Kaku Gothic New,Medium,C:/WINDOWS/fonts/ZenKakuGothicNew-Medium.ttf,true,false,Zen Kaku Gothic New,\setmainjfont{Zen Kaku Gothic New}
Zen Kaku Gothic New,Regular,C:/WINDOWS/fonts/ZenKakuGothicNew-Regular.ttf,true,false,Zen Kaku Gothic New,\setmainjfont{Zen Kaku Gothic New}
Zen Old Mincho,Black,C:/WINDOWS/fonts/ZenOldMincho-Black.ttf,true,false,Zen Old Mincho,\setmainjfont{Zen Old Mincho}
Zen Old Mincho,Bold,C:/WINDOWS/fonts/ZenOldMincho-Bold.ttf,true,false,Zen Old Mincho,\setmainjfont{Zen Old Mincho}
Zen Old Mincho,Regular,C:/WINDOWS/fonts/ZenOldMincho-Regular.ttf,true,false,Zen Old Mincho,\setmainjfont{Zen Old Mincho}
